package,rule,violations
yocs_keyop,MAX_COM_RATIO,1
yocs_keyop,MAX_COM_RATIO,1
yocs_keyop,MAX_CC,1
yocs_keyop,MAX_COUPLING,1
yocs_keyop,MAX_LINE_LENGTH,15
yocs_keyop,OPEN_CURLY_BRACE,54
yocs_keyop,INDENT_ACCESS_MODIFIERS,2
yocs_keyop,ELSE_STATEMENT_ON_ITS_LINE,12
yocs_keyop,LICENSE_STATEMENT,3
yocs_keyop,WHITESPACE_BEFORE_COMMENTS,10
yocs_keyop,INCLUDE_ORDER,1
yocs_keyop,INCLUDE_WHAT_YOU_USE,1
yocs_keyop,INTEGER_TYPES,2
ecl_linear_algebra,MAX_COM_RATIO,5
ecl_linear_algebra,MAX_COM_RATIO,4
ecl_linear_algebra,MAX_LINE_LENGTH,23
ecl_linear_algebra,SPACES_OVER_TABS,82
ecl_linear_algebra,OPEN_CURLY_BRACE,8
ecl_linear_algebra,OPEN_CURLY_BRACE,16
ecl_linear_algebra,INDENT_ACCESS_MODIFIERS,4
ecl_linear_algebra,BLANK_LINES_IN_CODE_BLOCKS,3
ecl_linear_algebra,WHITESPACE_AROUND_ASSIGNMENT,2
ecl_linear_algebra,WHITESPACE_AROUND_BINARY_OPERA,2
ecl_linear_algebra,WHITESPACE_AFTER_COMMA,17
ecl_linear_algebra,WHITESPACE_BEFORE_OPENING_BRAC,3
ecl_linear_algebra,ELSE_STATEMENT_ON_ITS_LINE,1
ecl_linear_algebra,SPACE_INDENTATION,12
ecl_linear_algebra,ONE_COMMAND_PER_LINE,3
ecl_linear_algebra,LICENSE_STATEMENT,23
ecl_linear_algebra,WHITESPACE_AFTER_PARENTHESIS,5
ecl_linear_algebra,WHITESPACE_BEFORE_PARENTHESIS,3
ecl_linear_algebra,WHITESPACE_BEFORE_COMMENTS,5
ecl_linear_algebra,WHITESPACE_BEFORE_COMMENT_TEXT,1
ecl_linear_algebra,INCLUDE_ORDER,5
ecl_linear_algebra,INCLUDE_WHAT_YOU_USE,1
ecl_linear_algebra,POINTLESS_EMPTY_STATEMENT,1
ecl_linear_algebra,INITIALIZE_MEMBER_VARIABLES,2
ecl_linear_algebra,INTEGER_TYPES,17
ecl_linear_algebra,ORDER_OF_EVALUATION,2
ecl_linear_algebra,EXPLICIT_CONSTRUCTORS,2
yocs_navigator,MIN_COM_RATIO,8
yocs_navigator,MAX_COM_RATIO,3
yocs_navigator,MAX_COM_RATIO,2
yocs_navigator,MAX_COUPLING,2
yocs_navigator,MAX_LINE_LENGTH,52
yocs_navigator,OPEN_CURLY_BRACE,70
yocs_navigator,OPEN_CURLY_BRACE,16
yocs_navigator,INDENT_ACCESS_MODIFIERS,6
yocs_navigator,WHITESPACE_AROUND_ASSIGNMENT,8
yocs_navigator,WHITESPACE_BEFORE_PARENTHESIS,29
yocs_navigator,WHITESPACE_AFTER_COMMA,3
yocs_navigator,BLANK_LINE_BEFORE_SECTION,2
yocs_navigator,ELSE_STATEMENT_ON_ITS_LINE,12
yocs_navigator,ELSE_BRACES,3
yocs_navigator,WHITESPACE_AT_END_OF_LINE,38
yocs_navigator,NAMESPACE_INDENTATION,2
yocs_navigator,LICENSE_STATEMENT,8
yocs_navigator,END_OF_NAMESPACE_COMMENT,7
yocs_navigator,WHITESPACE_AFTER_PARENTHESIS,4
yocs_navigator,WHITESPACE_BEFORE_COMMENTS,3
yocs_navigator,WHITESPACE_BEFORE_COMMENT_TEXT,2
yocs_navigator,HEADER_GUARD_FORMAT,1
yocs_navigator,HEADER_GUARD_FORMAT,1
yocs_navigator,HEADER_GUARD_CLOSE,1
yocs_navigator,INCLUDE_ORDER,4
yocs_navigator,INCLUDE_WHAT_YOU_USE,7
yocs_navigator,NON_CONST_REFERENCE_PARAMETERS,10
yocs_navigator,UNUSED_VARIABLES,7
yocs_navigator,SMALLEST_SCOPE,2
yocs_navigator,INTEGER_TYPES,22
yocs_navigator,EXPLICIT_CONSTRUCTORS,2
yocs_safety_controller,MIN_COM_RATIO,2
yocs_safety_controller,MAX_COM_RATIO,1
yocs_safety_controller,MAX_COM_RATIO,1
yocs_safety_controller,MAX_COUPLING,1
yocs_safety_controller,MAX_LINE_LENGTH,12
yocs_safety_controller,OPEN_CURLY_BRACE,32
yocs_safety_controller,INDENT_ACCESS_MODIFIERS,4
yocs_safety_controller,WHITESPACE_AROUND_UNARY_OPERAT,1
yocs_safety_controller,ELSE_STATEMENT_ON_ITS_LINE,5
yocs_safety_controller,LICENSE_STATEMENT,3
yocs_safety_controller,WHITESPACE_BEFORE_COMMENTS,7
yocs_safety_controller,INCLUDE_ORDER,5
yocs_safety_controller,INCLUDE_WHAT_YOU_USE,2
yocs_safety_controller,POINTLESS_EMPTY_STATEMENT,2
yocs_safety_controller,NON_CONST_REFERENCE_PARAMETERS,2
yocs_safety_controller,UNUSED_VARIABLES,1
yocs_safety_controller,INTEGER_TYPES,1
turtlebot_teleop,MAX_COM_RATIO,1
turtlebot_teleop,MAX_COM_RATIO,1
turtlebot_teleop,MAX_COUPLING,1
turtlebot_teleop,MAX_LINE_LENGTH,2
turtlebot_teleop,OPEN_CURLY_BRACE,7
turtlebot_teleop,INDENT_ACCESS_MODIFIERS,2
turtlebot_teleop,BLANK_LINES_IN_CODE_BLOCKS,1
turtlebot_teleop,WHITESPACE_AROUND_ASSIGNMENT,2
turtlebot_teleop,WHITESPACE_BEFORE_PARENTHESIS,1
turtlebot_teleop,ELSE_STATEMENT_ON_ITS_LINE,1
turtlebot_teleop,WHITESPACE_AT_END_OF_LINE,1
turtlebot_teleop,INCLUDE_ORDER,1
turtlebot_teleop,INTEGER_TYPES,2
ecl_geometry,MAX_COM_RATIO,28
ecl_geometry,MAX_COM_RATIO,22
ecl_geometry,MAX_CC,3
ecl_geometry,MAX_FUNCTION_PARAMETERS,2
ecl_geometry,MAX_LINE_LENGTH,470
ecl_geometry,SPACES_OVER_TABS,1492
ecl_geometry,OPEN_CURLY_BRACE,32
ecl_geometry,OPEN_CURLY_BRACE,381
ecl_geometry,INDENT_ACCESS_MODIFIERS,100
ecl_geometry,BLANK_LINES_IN_CODE_BLOCKS,19
ecl_geometry,WHITESPACE_BEFORE_BRACKETS,4
ecl_geometry,WHITESPACE_AROUND_BINARY_OPERA,4
ecl_geometry,WHITESPACE_INSIDE_PARENTHESIS,18
ecl_geometry,WHITESPACE_AFTER_COMMA,539
ecl_geometry,WHITESPACE_BEFORE_OPENING_BRAC,35
ecl_geometry,ELSE_BRACES,1
ecl_geometry,SINGLE_LINE_ELSE_IF_ELSE,2
ecl_geometry,ONE_COMMAND_PER_LINE,59
ecl_geometry,CLOSE_CURLY_BRACE,34
ecl_geometry,LICENSE_STATEMENT,42
ecl_geometry,WHITESPACE_AFTER_PARENTHESIS,63
ecl_geometry,WHITESPACE_BEFORE_PARENTHESIS,37
ecl_geometry,WHITESPACE_BEFORE_COMMENTS,140
ecl_geometry,WHITESPACE_BEFORE_COMMENT_TEXT,43
ecl_geometry,INCLUDE_ORDER,67
ecl_geometry,POINTLESS_EMPTY_STATEMENT,67
ecl_geometry,NON_CONST_REFERENCE_PARAMETERS,21
ecl_geometry,INITIALIZE_MEMBER_VARIABLES,1
ecl_geometry,UNUSED_VARIABLES,1
ecl_geometry,REDUNDANT_EXPRESSIONS,3
ecl_geometry,SMALLEST_SCOPE,1
ecl_geometry,DEFAULT_ARGUMENTS,9
ecl_geometry,INTEGER_TYPES,150
ecl_geometry,ORDER_OF_EVALUATION,2
ecl_geometry,FLOAT_ACCURACY,3
ecl_geometry,EXPLICIT_CONSTRUCTORS,15
turtlebot_arm_ikfast_plugin,MIN_COM_RATIO,1
turtlebot_arm_ikfast_plugin,MAX_COM_RATIO,2
turtlebot_arm_ikfast_plugin,MAX_COM_RATIO,1
turtlebot_arm_ikfast_plugin,MAX_CC,6
turtlebot_arm_ikfast_plugin,MAX_CC,4
turtlebot_arm_ikfast_plugin,MAX_COUPLING,2
turtlebot_arm_ikfast_plugin,MAX_FUNCTION_PARAMETERS,10
turtlebot_arm_ikfast_plugin,MAX_LINE_LENGTH,540
turtlebot_arm_ikfast_plugin,OPEN_CURLY_BRACE,339
turtlebot_arm_ikfast_plugin,OPEN_CURLY_BRACE,52
turtlebot_arm_ikfast_plugin,INDENT_ACCESS_MODIFIERS,10
turtlebot_arm_ikfast_plugin,BLANK_LINES_IN_CODE_BLOCKS,90
turtlebot_arm_ikfast_plugin,WHITESPACE_AROUND_ASSIGNMENT,2030
turtlebot_arm_ikfast_plugin,WHITESPACE_AROUND_BINARY_OPERA,10
turtlebot_arm_ikfast_plugin,WHITESPACE_BEFORE_PARENTHESIS,134
turtlebot_arm_ikfast_plugin,WHITESPACE_INSIDE_PARENTHESIS,1
turtlebot_arm_ikfast_plugin,WHITESPACE_AFTER_COMMA,93
turtlebot_arm_ikfast_plugin,WHITESPACE_AFTER_SEMICOLON,3
turtlebot_arm_ikfast_plugin,WHITESPACE_BEFORE_OPENING_BRAC,4
turtlebot_arm_ikfast_plugin,ELSE_STATEMENT_ON_ITS_LINE,48
turtlebot_arm_ikfast_plugin,ELSE_BRACES,44
turtlebot_arm_ikfast_plugin,SINGLE_STATEMENT_IF_ELSE,2
turtlebot_arm_ikfast_plugin,WHITESPACE_AT_END_OF_LINE,36
turtlebot_arm_ikfast_plugin,ONE_COMMAND_PER_LINE,103
turtlebot_arm_ikfast_plugin,CLOSE_CURLY_BRACE,39
turtlebot_arm_ikfast_plugin,LICENSE_STATEMENT,1
turtlebot_arm_ikfast_plugin,END_OF_NAMESPACE_COMMENT,4
turtlebot_arm_ikfast_plugin,WHITESPACE_AFTER_PARENTHESIS,6
turtlebot_arm_ikfast_plugin,WHITESPACE_BEFORE_PARENTHESIS,8
turtlebot_arm_ikfast_plugin,WHITESPACE_BEFORE_COMMENTS,26
turtlebot_arm_ikfast_plugin,WHITESPACE_BEFORE_COMMENT_TEXT,10
turtlebot_arm_ikfast_plugin,INCLUDE_DIRECTORY_IN_HEADER,1
turtlebot_arm_ikfast_plugin,HEADER_GUARD_FORMAT,1
turtlebot_arm_ikfast_plugin,HEADER_GUARD_FORMAT,1
turtlebot_arm_ikfast_plugin,HEADER_GUARD_CLOSE,1
turtlebot_arm_ikfast_plugin,INCLUDE_ORDER,11
turtlebot_arm_ikfast_plugin,INCLUDE_WHAT_YOU_USE,2
turtlebot_arm_ikfast_plugin,C_SYSTEM_HEADERS,2
turtlebot_arm_ikfast_plugin,NAMESPACE_USING_DIRECTIVES,3
turtlebot_arm_ikfast_plugin,VARIABLE_LENGTH_ARRAYS,1
turtlebot_arm_ikfast_plugin,NON_CONST_REFERENCE_PARAMETERS,24
turtlebot_arm_ikfast_plugin,DEPRECATED_CASTING,13
turtlebot_arm_ikfast_plugin,INITIALIZE_MEMBER_VARIABLES,1
turtlebot_arm_ikfast_plugin,UNUSED_VARIABLES,9
turtlebot_arm_ikfast_plugin,REDUNDANT_EXPRESSIONS,3
turtlebot_arm_ikfast_plugin,DEFAULT_ARGUMENTS,5
turtlebot_arm_ikfast_plugin,STD_VECTOR_BOOL,1
turtlebot_arm_ikfast_plugin,INTEGER_TYPES,119
ecl_math,MIN_COM_RATIO,1
ecl_math,MAX_COM_RATIO,7
ecl_math,MAX_COM_RATIO,7
ecl_math,MAX_LINE_LENGTH,32
ecl_math,SPACES_OVER_TABS,133
ecl_math,OPEN_CURLY_BRACE,1
ecl_math,OPEN_CURLY_BRACE,38
ecl_math,INDENT_ACCESS_MODIFIERS,1
ecl_math,BLANK_LINES_IN_CODE_BLOCKS,2
ecl_math,WHITESPACE_AROUND_ASSIGNMENT,2
ecl_math,WHITESPACE_AFTER_COMMA,50
ecl_math,CLOSE_CURLY_BRACE,5
ecl_math,LICENSE_STATEMENT,9
ecl_math,END_OF_NAMESPACE_COMMENT,1
ecl_math,WHITESPACE_BEFORE_COMMENTS,9
ecl_math,WHITESPACE_BEFORE_COMMENT_TEXT,14
ecl_math,INCLUDE_ORDER,5
ecl_math,INCLUDE_WHAT_YOU_USE,2
ecl_math,DEFAULT_ARGUMENTS,2
ecl_math,INTEGER_TYPES,6
ecl_math,FLOAT_ACCURACY,1
ecl_filesystem,MAX_COM_RATIO,4
ecl_filesystem,MAX_COM_RATIO,4
ecl_filesystem,MAX_LINE_LENGTH,14
ecl_filesystem,SPACES_OVER_TABS,6
ecl_filesystem,OPEN_CURLY_BRACE,9
ecl_filesystem,INDENT_ACCESS_MODIFIERS,2
ecl_filesystem,BLANK_LINES_IN_CODE_BLOCKS,1
ecl_filesystem,WHITESPACE_BEFORE_PARENTHESIS,1
ecl_filesystem,WHITESPACE_AFTER_COMMA,2
ecl_filesystem,CLOSE_CURLY_BRACE,1
ecl_filesystem,LICENSE_STATEMENT,6
ecl_filesystem,WHITESPACE_BEFORE_COMMENTS,9
ecl_filesystem,WHITESPACE_BEFORE_COMMENT_TEXT,2
ecl_filesystem,TODO_COMMENT_FORMAT,1
ecl_filesystem,INCLUDE_ORDER,6
ecl_filesystem,C_SYSTEM_HEADERS,1
ecl_filesystem,C_STANDARD_LIBRARY,1
ecl_filesystem,VARIABLE_LENGTH_ARRAYS,1
ecl_filesystem,NON_CONST_REFERENCE_PARAMETERS,2
ecl_filesystem,INTEGER_TYPES,2
ecl_errors,MAX_COM_RATIO,6
ecl_errors,MAX_COM_RATIO,5
ecl_errors,MAX_LINE_LENGTH,60
ecl_errors,SPACES_OVER_TABS,111
ecl_errors,OPEN_CURLY_BRACE,6
ecl_errors,OPEN_CURLY_BRACE,11
ecl_errors,INDENT_ACCESS_MODIFIERS,3
ecl_errors,BLANK_LINES_IN_CODE_BLOCKS,1
ecl_errors,WHITESPACE_AFTER_COMMA,8
ecl_errors,WHITESPACE_BEFORE_OPENING_BRAC,1
ecl_errors,BLANK_LINE_BEFORE_SECTION,1
ecl_errors,SPACE_INDENTATION,1
ecl_errors,LICENSE_STATEMENT,8
ecl_errors,WHITESPACE_AFTER_PARENTHESIS,30
ecl_errors,WHITESPACE_BEFORE_PARENTHESIS,39
ecl_errors,WHITESPACE_BEFORE_COMMENTS,8
ecl_errors,WHITESPACE_BEFORE_COMMENT_TEXT,4
ecl_errors,INCLUDE_ORDER,7
ecl_errors,UNUSED_VARIABLES,1
ecl_errors,DEFAULT_ARGUMENTS,1
ecl_errors,INTEGER_TYPES,6
ecl_sigslots_lite,MIN_COM_RATIO,1
ecl_sigslots_lite,MAX_COM_RATIO,5
ecl_sigslots_lite,MAX_COM_RATIO,4
ecl_sigslots_lite,MAX_CC,1
ecl_sigslots_lite,MAX_LINE_LENGTH,46
ecl_sigslots_lite,SPACES_OVER_TABS,332
ecl_sigslots_lite,OPEN_CURLY_BRACE,1
ecl_sigslots_lite,OPEN_CURLY_BRACE,80
ecl_sigslots_lite,INDENT_ACCESS_MODIFIERS,27
ecl_sigslots_lite,BLANK_LINES_IN_CODE_BLOCKS,6
ecl_sigslots_lite,WHITESPACE_AROUND_ASSIGNMENT,1
ecl_sigslots_lite,WHITESPACE_INSIDE_PARENTHESIS,8
ecl_sigslots_lite,WHITESPACE_AFTER_COMMA,42
ecl_sigslots_lite,WHITESPACE_BEFORE_OPENING_BRAC,2
ecl_sigslots_lite,BLANK_LINE_BEFORE_SECTION,1
ecl_sigslots_lite,CLOSE_CURLY_BRACE,10
ecl_sigslots_lite,LICENSE_STATEMENT,8
ecl_sigslots_lite,WHITESPACE_BEFORE_COMMENTS,24
ecl_sigslots_lite,INCLUDE_ORDER,5
ecl_sigslots_lite,POINTLESS_EMPTY_STATEMENT,2
ecl_sigslots_lite,NON_CONST_REFERENCE_PARAMETERS,24
ecl_sigslots_lite,DEFAULT_ARGUMENTS,2
ecl_sigslots_lite,INTEGER_TYPES,65
ecl_sigslots_lite,ORDER_OF_EVALUATION,1
ecl_sigslots_lite,EXPLICIT_CONSTRUCTORS,3
kobuki_ftdi,MAX_COM_RATIO,12
kobuki_ftdi,MAX_COM_RATIO,11
kobuki_ftdi,MAX_CC,8
kobuki_ftdi,MAX_CC,4
kobuki_ftdi,MAX_LINE_LENGTH,60
kobuki_ftdi,OPEN_CURLY_BRACE,67
kobuki_ftdi,OPEN_CURLY_BRACE,26
kobuki_ftdi,INDENT_ACCESS_MODIFIERS,4
kobuki_ftdi,BLANK_LINES_IN_CODE_BLOCKS,1
kobuki_ftdi,WHITESPACE_AROUND_ASSIGNMENT,1
kobuki_ftdi,WHITESPACE_AROUND_BINARY_OPERA,6
kobuki_ftdi,WHITESPACE_AROUND_UNARY_OPERAT,3
kobuki_ftdi,WHITESPACE_BEFORE_PARENTHESIS,14
kobuki_ftdi,WHITESPACE_AFTER_COMMA,7
kobuki_ftdi,ELSE_STATEMENT_ON_ITS_LINE,9
kobuki_ftdi,WHITESPACE_AT_END_OF_LINE,1
kobuki_ftdi,CLOSE_CURLY_BRACE,7
kobuki_ftdi,LICENSE_STATEMENT,5
kobuki_ftdi,WHITESPACE_AFTER_PARENTHESIS,3
kobuki_ftdi,WHITESPACE_BEFORE_PARENTHESIS,15
kobuki_ftdi,WHITESPACE_BEFORE_COMMENTS,15
kobuki_ftdi,WHITESPACE_BEFORE_COMMENT_TEXT,16
kobuki_ftdi,INCLUDE_ORDER,10
kobuki_ftdi,INCLUDE_WHAT_YOU_USE,9
kobuki_ftdi,C_SYSTEM_HEADERS,1
kobuki_ftdi,POINTLESS_EMPTY_STATEMENT,1
kobuki_ftdi,C_TYPES,4
kobuki_ftdi,STRING_PRINT_C_FUNCTIONS,6
kobuki_ftdi,NON_CONST_REFERENCE_PARAMETERS,6
kobuki_ftdi,DEPRECATED_CASTING,6
kobuki_ftdi,REDUNDANT_EXPRESSIONS,1
kobuki_ftdi,SMALLEST_SCOPE,1
kobuki_ftdi,INTEGER_TYPES,49
ecl_sigslots,MAX_COM_RATIO,8
ecl_sigslots,MAX_COM_RATIO,7
ecl_sigslots,MAX_LINE_LENGTH,57
ecl_sigslots,SPACES_OVER_TABS,509
ecl_sigslots,OPEN_CURLY_BRACE,2
ecl_sigslots,OPEN_CURLY_BRACE,92
ecl_sigslots,INDENT_ACCESS_MODIFIERS,19
ecl_sigslots,BLANK_LINES_IN_CODE_BLOCKS,10
ecl_sigslots,WHITESPACE_AROUND_ASSIGNMENT,3
ecl_sigslots,WHITESPACE_AFTER_COMMA,36
ecl_sigslots,WHITESPACE_BEFORE_OPENING_BRAC,1
ecl_sigslots,LICENSE_STATEMENT,10
ecl_sigslots,END_OF_NAMESPACE_COMMENT,1
ecl_sigslots,WHITESPACE_AFTER_PARENTHESIS,3
ecl_sigslots,WHITESPACE_BEFORE_COMMENTS,34
ecl_sigslots,WHITESPACE_BEFORE_COMMENT_TEXT,3
ecl_sigslots,INCLUDE_ORDER,16
ecl_sigslots,INCLUDE_WHAT_YOU_USE,5
ecl_sigslots,POINTLESS_EMPTY_STATEMENT,1
ecl_sigslots,NAMESPACE_USING_DIRECTIVES,1
ecl_sigslots,REDUNDANT_EXPRESSIONS,2
ecl_sigslots,DEFAULT_ARGUMENTS,1
ecl_sigslots,INTEGER_TYPES,18
ecl_sigslots,EXPLICIT_CONSTRUCTORS,7
ecl_exceptions,MIN_COM_RATIO,1
ecl_exceptions,MAX_COM_RATIO,4
ecl_exceptions,MAX_COM_RATIO,4
ecl_exceptions,MAX_LINE_LENGTH,38
ecl_exceptions,SPACES_OVER_TABS,28
ecl_exceptions,OPEN_CURLY_BRACE,6
ecl_exceptions,OPEN_CURLY_BRACE,84
ecl_exceptions,INDENT_ACCESS_MODIFIERS,8
ecl_exceptions,BLANK_LINES_IN_CODE_BLOCKS,5
ecl_exceptions,WHITESPACE_AROUND_BINARY_OPERA,1
ecl_exceptions,WHITESPACE_BEFORE_PARENTHESIS,2
ecl_exceptions,WHITESPACE_AFTER_COMMA,11
ecl_exceptions,CLOSE_CURLY_BRACE,33
ecl_exceptions,LICENSE_STATEMENT,9
ecl_exceptions,WHITESPACE_AFTER_PARENTHESIS,2
ecl_exceptions,WHITESPACE_BEFORE_PARENTHESIS,13
ecl_exceptions,WHITESPACE_BEFORE_COMMENTS,13
ecl_exceptions,TODO_COMMENT_FORMAT,1
ecl_exceptions,INCLUDE_ORDER,12
ecl_exceptions,INCLUDE_WHAT_YOU_USE,1
ecl_exceptions,C_SYSTEM_HEADERS,2
ecl_exceptions,POINTLESS_EMPTY_STATEMENT,1
ecl_exceptions,INCLUDE_TWICE,1
ecl_exceptions,NAMESPACE_USING_DIRECTIVES,1
ecl_exceptions,NON_CONST_REFERENCE_PARAMETERS,2
ecl_exceptions,MAX_POINTER_INDIRECTION,1
ecl_exceptions,INTEGER_TYPES,7
ecl_converters_lite,MAX_COM_RATIO,2
ecl_converters_lite,MAX_COM_RATIO,2
ecl_converters_lite,SPACES_OVER_TABS,34
ecl_converters_lite,OPEN_CURLY_BRACE,7
ecl_converters_lite,BLANK_LINES_IN_CODE_BLOCKS,1
ecl_converters_lite,WHITESPACE_INSIDE_PARENTHESIS,4
ecl_converters_lite,WHITESPACE_AFTER_COMMA,10
ecl_converters_lite,LICENSE_STATEMENT,3
ecl_converters_lite,WHITESPACE_BEFORE_COMMENTS,1
ecl_converters_lite,NON_CONST_REFERENCE_PARAMETERS,4
ecl_converters_lite,INTEGER_TYPES,5
ecl_time_lite,MAX_COM_RATIO,14
ecl_time_lite,MAX_COM_RATIO,14
ecl_time_lite,MAX_CC,2
ecl_time_lite,MAX_LINE_LENGTH,61
ecl_time_lite,SPACES_OVER_TABS,178
ecl_time_lite,OPEN_CURLY_BRACE,1
ecl_time_lite,OPEN_CURLY_BRACE,57
ecl_time_lite,INDENT_ACCESS_MODIFIERS,2
ecl_time_lite,BLANK_LINES_IN_CODE_BLOCKS,2
ecl_time_lite,WHITESPACE_AFTER_COMMA,6
ecl_time_lite,CLOSE_CURLY_BRACE,8
ecl_time_lite,LICENSE_STATEMENT,20
ecl_time_lite,WHITESPACE_BEFORE_PARENTHESIS,2
ecl_time_lite,WHITESPACE_BEFORE_COMMENTS,46
ecl_time_lite,WHITESPACE_BEFORE_COMMENT_TEXT,6
ecl_time_lite,INCLUDE_ORDER,21
ecl_time_lite,INCLUDE_WHAT_YOU_USE,1
ecl_time_lite,C_SYSTEM_HEADERS,4
ecl_time_lite,C_STANDARD_LIBRARY,2
ecl_time_lite,INCLUDE_TWICE,1
ecl_time_lite,C_TYPES,2
ecl_time_lite,NON_CONST_REFERENCE_PARAMETERS,12
ecl_time_lite,UNUSED_VARIABLES,1
ecl_time_lite,INTEGER_TYPES,14
ecl_time_lite,FLOAT_ACCURACY,1
ar_track_alvar,MIN_COM_RATIO,53
ar_track_alvar,MAX_COM_RATIO,68
ar_track_alvar,MAX_COM_RATIO,60
ar_track_alvar,MAX_CC,66
ar_track_alvar,MAX_CC,36
ar_track_alvar,MAX_COUPLING,5
ar_track_alvar,MAX_FUNCTION_PARAMETERS,10
ar_track_alvar,MAX_LINE_LENGTH,1129
ar_track_alvar,SPACES_OVER_TABS,8333
ar_track_alvar,OPEN_CURLY_BRACE,700
ar_track_alvar,OPEN_CURLY_BRACE,1220
ar_track_alvar,ALIGNED_CLOSING_CURLY_BRACE,4
ar_track_alvar,INDENT_ACCESS_MODIFIERS,192
ar_track_alvar,BLANK_LINES_IN_CODE_BLOCKS,58
ar_track_alvar,WHITESPACE_BEFORE_BRACKETS,5
ar_track_alvar,WHITESPACE_AROUND_ASSIGNMENT,395
ar_track_alvar,WHITESPACE_AROUND_BINARY_OPERA,423
ar_track_alvar,WHITESPACE_AROUND_UNARY_OPERAT,2
ar_track_alvar,WHITESPACE_BEFORE_PARENTHESIS,175
ar_track_alvar,WHITESPACE_INSIDE_PARENTHESIS,3
ar_track_alvar,WHITESPACE_AFTER_COMMA,351
ar_track_alvar,WHITESPACE_AFTER_SEMICOLON,17
ar_track_alvar,WHITESPACE_BEFORE_OPENING_BRAC,304
ar_track_alvar,WHITESPACE_AFTER_CLOSING_BRACE,2
ar_track_alvar,WHITESPACE_BEFORE_SEMICOLON,2
ar_track_alvar,BLANK_LINE_BEFORE_SECTION,15
ar_track_alvar,ELSE_STATEMENT_ON_ITS_LINE,124
ar_track_alvar,ELSE_BRACES,104
ar_track_alvar,SINGLE_LINE_ELSE_IF_ELSE,45
ar_track_alvar,SINGLE_STATEMENT_IF_ELSE,13
ar_track_alvar,AMBIGUOUS_IF_ELSE_INDENTATION,3
ar_track_alvar,WHITESPACE_AT_END_OF_LINE,693
ar_track_alvar,SPACE_INDENTATION,4
ar_track_alvar,ONE_COMMAND_PER_LINE,172
ar_track_alvar,NAMESPACE_INDENTATION,16
ar_track_alvar,CLOSE_CURLY_BRACE,102
ar_track_alvar,LICENSE_STATEMENT,20
ar_track_alvar,MULTILINE_COMMENTS_END,2
ar_track_alvar,COMPLEX_MULTILINE_COMMENTS_AND,2
ar_track_alvar,END_OF_NAMESPACE_COMMENT,14
ar_track_alvar,WHITESPACE_AFTER_PARENTHESIS,55
ar_track_alvar,WHITESPACE_BEFORE_PARENTHESIS,164
ar_track_alvar,WHITESPACE_BEFORE_COMMENTS,290
ar_track_alvar,WHITESPACE_BEFORE_COMMENT_TEXT,349
ar_track_alvar,TODO_COMMENT_FORMAT,62
ar_track_alvar,INCLUDE_DIRECTORY_IN_HEADER,27
ar_track_alvar,HEADER_GUARD_FORMAT,63
ar_track_alvar,HEADER_GUARD_FORMAT,12
ar_track_alvar,HEADER_GUARD_CLOSE,63
ar_track_alvar,INCLUDE_ORDER,117
ar_track_alvar,INCLUDE_WHAT_YOU_USE,106
ar_track_alvar,C_SYSTEM_HEADERS,15
ar_track_alvar,C_STANDARD_LIBRARY,1
ar_track_alvar,EMPTY_STATEMENT,1
ar_track_alvar,POINTLESS_EMPTY_STATEMENT,9
ar_track_alvar,ALTERNATIVE_TOKENS,2
ar_track_alvar,INCLUDE_TWICE,2
ar_track_alvar,C_TYPES,110
ar_track_alvar,NAMESPACE_USING_DIRECTIVES,87
ar_track_alvar,VARIABLE_LENGTH_ARRAYS,2
ar_track_alvar,NON_CONST_REFERENCE_PARAMETERS,183
ar_track_alvar,DEPRECATED_CASTING,432
ar_track_alvar,INITIALIZE_MEMBER_VARIABLES,4
ar_track_alvar,UNUSED_VARIABLES,52
ar_track_alvar,REDUNDANT_EXPRESSIONS,29
ar_track_alvar,SMALLEST_SCOPE,17
ar_track_alvar,CASE_FALL_THROUGH,11
ar_track_alvar,MAX_POINTER_INDIRECTION,8
ar_track_alvar,DEFAULT_ARGUMENTS,1
ar_track_alvar,INTEGER_TYPES,846
ar_track_alvar,ORDER_OF_EVALUATION,16
ar_track_alvar,FLOAT_ACCURACY,1
ar_track_alvar,THREAD_SAFE_FUNCTIONS,6
ar_track_alvar,EXPLICIT_CONSTRUCTORS,58
yocs_waypoint_provider,MIN_COM_RATIO,2
yocs_waypoint_provider,MAX_COM_RATIO,3
yocs_waypoint_provider,MAX_COM_RATIO,2
yocs_waypoint_provider,MAX_COUPLING,2
yocs_waypoint_provider,MAX_LINE_LENGTH,26
yocs_waypoint_provider,OPEN_CURLY_BRACE,34
yocs_waypoint_provider,OPEN_CURLY_BRACE,8
yocs_waypoint_provider,INDENT_ACCESS_MODIFIERS,3
yocs_waypoint_provider,BLANK_LINES_IN_CODE_BLOCKS,2
yocs_waypoint_provider,WHITESPACE_BEFORE_PARENTHESIS,12
yocs_waypoint_provider,WHITESPACE_AFTER_COMMA,2
yocs_waypoint_provider,BLANK_LINE_BEFORE_SECTION,1
yocs_waypoint_provider,ELSE_STATEMENT_ON_ITS_LINE,3
yocs_waypoint_provider,ELSE_BRACES,1
yocs_waypoint_provider,NAMESPACE_INDENTATION,1
yocs_waypoint_provider,LICENSE_STATEMENT,5
yocs_waypoint_provider,END_OF_NAMESPACE_COMMENT,3
yocs_waypoint_provider,WHITESPACE_BEFORE_COMMENTS,2
yocs_waypoint_provider,INCLUDE_ORDER,6
yocs_waypoint_provider,INCLUDE_WHAT_YOU_USE,5
yocs_waypoint_provider,NON_CONST_REFERENCE_PARAMETERS,20
yocs_waypoint_provider,SMALLEST_SCOPE,1
yocs_waypoint_provider,INTEGER_TYPES,11
turtlebot_follower,MAX_COM_RATIO,1
turtlebot_follower,MAX_CC,1
turtlebot_follower,MAX_COUPLING,1
turtlebot_follower,MAX_LINE_LENGTH,9
turtlebot_follower,OPEN_CURLY_BRACE,20
turtlebot_follower,OPEN_CURLY_BRACE,1
turtlebot_follower,INDENT_ACCESS_MODIFIERS,2
turtlebot_follower,BLANK_LINES_IN_CODE_BLOCKS,2
turtlebot_follower,WHITESPACE_AROUND_ASSIGNMENT,1
turtlebot_follower,WHITESPACE_AROUND_BINARY_OPERA,1
turtlebot_follower,WHITESPACE_BEFORE_PARENTHESIS,1
turtlebot_follower,WHITESPACE_AFTER_COMMA,3
turtlebot_follower,WHITESPACE_BEFORE_OPENING_BRAC,1
turtlebot_follower,ELSE_STATEMENT_ON_ITS_LINE,2
turtlebot_follower,END_OF_NAMESPACE_COMMENT,1
turtlebot_follower,WHITESPACE_AFTER_PARENTHESIS,2
turtlebot_follower,WHITESPACE_BEFORE_PARENTHESIS,3
turtlebot_follower,WHITESPACE_BEFORE_COMMENT_TEXT,11
turtlebot_follower,INCLUDE_ORDER,5
turtlebot_follower,INCLUDE_WHAT_YOU_USE,1
turtlebot_follower,NON_CONST_REFERENCE_PARAMETERS,3
turtlebot_follower,INITIALIZE_MEMBER_VARIABLES,2
turtlebot_follower,UNUSED_VARIABLES,1
turtlebot_follower,INTEGER_TYPES,1
pano_ros,MIN_COM_RATIO,2
pano_ros,MAX_COM_RATIO,3
pano_ros,MAX_COM_RATIO,3
ecl_type_traits,MIN_COM_RATIO,1
ecl_type_traits,MAX_COM_RATIO,5
ecl_type_traits,MAX_COM_RATIO,5
ecl_type_traits,MAX_COUPLING,2
ecl_type_traits,MAX_LINE_LENGTH,81
ecl_type_traits,SPACES_OVER_TABS,107
ecl_type_traits,OPEN_CURLY_BRACE,28
ecl_type_traits,INDENT_ACCESS_MODIFIERS,15
ecl_type_traits,BLANK_LINES_IN_CODE_BLOCKS,3
ecl_type_traits,WHITESPACE_AFTER_COMMA,5
ecl_type_traits,CLOSE_CURLY_BRACE,2
ecl_type_traits,LICENSE_STATEMENT,9
ecl_type_traits,WHITESPACE_BEFORE_COMMENTS,7
ecl_type_traits,WHITESPACE_BEFORE_COMMENT_TEXT,10
ecl_type_traits,INCLUDE_ORDER,10
ecl_type_traits,INCLUDE_WHAT_YOU_USE,2
ecl_type_traits,C_SYSTEM_HEADERS,1
ecl_type_traits,C_TYPES,78
ecl_type_traits,REDUNDANT_EXPRESSIONS,1
ecl_type_traits,INTEGER_TYPES,20
ecl_command_line,MAX_COM_RATIO,22
ecl_command_line,MAX_COM_RATIO,22
ecl_command_line,MAX_CC,5
ecl_command_line,MAX_CC,1
ecl_command_line,MAX_COUPLING,6
ecl_command_line,MAX_LINE_LENGTH,21
ecl_command_line,SPACES_OVER_TABS,1200
ecl_command_line,OPEN_CURLY_BRACE,172
ecl_command_line,OPEN_CURLY_BRACE,31
ecl_command_line,INDENT_ACCESS_MODIFIERS,3
ecl_command_line,BLANK_LINES_IN_CODE_BLOCKS,79
ecl_command_line,WHITESPACE_AROUND_ASSIGNMENT,26
ecl_command_line,WHITESPACE_AROUND_UNARY_OPERAT,2
ecl_command_line,WHITESPACE_AFTER_COMMA,28
ecl_command_line,WHITESPACE_BEFORE_OPENING_BRAC,35
ecl_command_line,WHITESPACE_BEFORE_SEMICOLON,1
ecl_command_line,ELSE_STATEMENT_ON_ITS_LINE,10
ecl_command_line,AMBIGUOUS_IF_ELSE_INDENTATION,1
ecl_command_line,SPACE_INDENTATION,11
ecl_command_line,ONE_COMMAND_PER_LINE,6
ecl_command_line,CLOSE_CURLY_BRACE,3
ecl_command_line,LICENSE_STATEMENT,24
ecl_command_line,WHITESPACE_AFTER_PARENTHESIS,189
ecl_command_line,WHITESPACE_BEFORE_PARENTHESIS,129
ecl_command_line,WHITESPACE_BEFORE_COMMENTS,28
ecl_command_line,WHITESPACE_BEFORE_COMMENT_TEXT,15
ecl_command_line,INCLUDE_ORDER,41
ecl_command_line,INCLUDE_WHAT_YOU_USE,2
ecl_command_line,NON_CONST_REFERENCE_PARAMETERS,69
ecl_command_line,REDUNDANT_EXPRESSIONS,2
ecl_command_line,MAX_POINTER_INDIRECTION,4
ecl_command_line,DEFAULT_ARGUMENTS,10
ecl_command_line,INTEGER_TYPES,63
ecl_command_line,ORDER_OF_EVALUATION,17
ecl_command_line,EXPLICIT_CONSTRUCTORS,6
ecl_ipc,MAX_COM_RATIO,7
ecl_ipc,MAX_COM_RATIO,7
ecl_ipc,MAX_LINE_LENGTH,61
ecl_ipc,SPACES_OVER_TABS,170
ecl_ipc,OPEN_CURLY_BRACE,21
ecl_ipc,OPEN_CURLY_BRACE,87
ecl_ipc,INDENT_ACCESS_MODIFIERS,9
ecl_ipc,BLANK_LINES_IN_CODE_BLOCKS,8
ecl_ipc,WHITESPACE_INSIDE_PARENTHESIS,4
ecl_ipc,WHITESPACE_AFTER_COMMA,48
ecl_ipc,WHITESPACE_BEFORE_OPENING_BRAC,4
ecl_ipc,ELSE_STATEMENT_ON_ITS_LINE,6
ecl_ipc,ONE_COMMAND_PER_LINE,3
ecl_ipc,CLOSE_CURLY_BRACE,12
ecl_ipc,LICENSE_STATEMENT,10
ecl_ipc,WHITESPACE_AFTER_PARENTHESIS,32
ecl_ipc,WHITESPACE_BEFORE_PARENTHESIS,30
ecl_ipc,WHITESPACE_BEFORE_COMMENTS,21
ecl_ipc,WHITESPACE_BEFORE_COMMENT_TEXT,3
ecl_ipc,INCLUDE_ORDER,28
ecl_ipc,INCLUDE_WHAT_YOU_USE,4
ecl_ipc,C_SYSTEM_HEADERS,2
ecl_ipc,POINTLESS_EMPTY_STATEMENT,2
ecl_ipc,C_TYPES,2
ecl_ipc,DEPRECATED_CASTING,2
ecl_ipc,INTEGER_TYPES,3
ecl_ipc,EXPLICIT_CONSTRUCTORS,4
ecl_devices,MIN_COM_RATIO,1
ecl_devices,MAX_COM_RATIO,29
ecl_devices,MAX_COM_RATIO,26
ecl_devices,MAX_CC,18
ecl_devices,MAX_CC,10
ecl_devices,MAX_LINE_LENGTH,319
ecl_devices,SPACES_OVER_TABS,968
ecl_devices,OPEN_CURLY_BRACE,80
ecl_devices,OPEN_CURLY_BRACE,321
ecl_devices,INDENT_ACCESS_MODIFIERS,31
ecl_devices,BLANK_LINES_IN_CODE_BLOCKS,40
ecl_devices,WHITESPACE_AROUND_ASSIGNMENT,3
ecl_devices,WHITESPACE_AROUND_UNARY_OPERAT,2
ecl_devices,WHITESPACE_BEFORE_PARENTHESIS,20
ecl_devices,WHITESPACE_INSIDE_PARENTHESIS,7
ecl_devices,WHITESPACE_AFTER_COMMA,190
ecl_devices,WHITESPACE_BEFORE_OPENING_BRAC,5
ecl_devices,BLANK_LINE_BEFORE_SECTION,2
ecl_devices,ELSE_STATEMENT_ON_ITS_LINE,11
ecl_devices,WHITESPACE_AT_END_OF_LINE,1
ecl_devices,ONE_COMMAND_PER_LINE,4
ecl_devices,NAMESPACE_INDENTATION,4
ecl_devices,CLOSE_CURLY_BRACE,44
ecl_devices,LICENSE_STATEMENT,39
ecl_devices,END_OF_NAMESPACE_COMMENT,1
ecl_devices,WHITESPACE_AFTER_PARENTHESIS,73
ecl_devices,WHITESPACE_BEFORE_PARENTHESIS,52
ecl_devices,WHITESPACE_BEFORE_COMMENTS,102
ecl_devices,INCLUDE_ORDER,74
ecl_devices,INCLUDE_WHAT_YOU_USE,9
ecl_devices,C_SYSTEM_HEADERS,6
ecl_devices,C_STANDARD_LIBRARY,36
ecl_devices,POINTLESS_EMPTY_STATEMENT,14
ecl_devices,C_TYPES,117
ecl_devices,NAMESPACE_USING_DIRECTIVES,2
ecl_devices,VARIABLE_LENGTH_ARRAYS,2
ecl_devices,NON_CONST_REFERENCE_PARAMETERS,6
ecl_devices,DEPRECATED_CASTING,2
ecl_devices,INITIALIZE_MEMBER_VARIABLES,13
ecl_devices,UNUSED_VARIABLES,1
ecl_devices,SMALLEST_SCOPE,1
ecl_devices,CASE_FALL_THROUGH,232
ecl_devices,DEFAULT_ARGUMENTS,10
ecl_devices,INTEGER_TYPES,209
ecl_devices,ORDER_OF_EVALUATION,8
ecl_devices,EXPLICIT_CONSTRUCTORS,3
kobuki_auto_docking,MAX_COM_RATIO,4
kobuki_auto_docking,MAX_COM_RATIO,3
kobuki_auto_docking,MAX_COUPLING,2
kobuki_auto_docking,MAX_LINE_LENGTH,11
kobuki_auto_docking,OPEN_CURLY_BRACE,17
kobuki_auto_docking,OPEN_CURLY_BRACE,10
kobuki_auto_docking,INDENT_ACCESS_MODIFIERS,4
kobuki_auto_docking,WHITESPACE_BEFORE_PARENTHESIS,3
kobuki_auto_docking,WHITESPACE_BEFORE_OPENING_BRAC,2
kobuki_auto_docking,WHITESPACE_AT_END_OF_LINE,1
kobuki_auto_docking,CLOSE_CURLY_BRACE,4
kobuki_auto_docking,LICENSE_STATEMENT,2
kobuki_auto_docking,WHITESPACE_AFTER_PARENTHESIS,9
kobuki_auto_docking,WHITESPACE_BEFORE_PARENTHESIS,8
kobuki_auto_docking,WHITESPACE_BEFORE_COMMENTS,4
kobuki_auto_docking,WHITESPACE_BEFORE_COMMENT_TEXT,14
kobuki_auto_docking,INCLUDE_ORDER,12
kobuki_auto_docking,INCLUDE_WHAT_YOU_USE,3
kobuki_auto_docking,NON_CONST_REFERENCE_PARAMETERS,1
kobuki_auto_docking,UNUSED_VARIABLES,1
kobuki_auto_docking,EXPLICIT_CONSTRUCTORS,1
kobuki_safety_controller,MAX_COM_RATIO,2
kobuki_safety_controller,MAX_COM_RATIO,2
kobuki_safety_controller,MAX_LINE_LENGTH,30
kobuki_safety_controller,SPACES_OVER_TABS,1
kobuki_safety_controller,OPEN_CURLY_BRACE,42
kobuki_safety_controller,OPEN_CURLY_BRACE,1
kobuki_safety_controller,INDENT_ACCESS_MODIFIERS,4
kobuki_safety_controller,WHITESPACE_AROUND_UNARY_OPERAT,1
kobuki_safety_controller,ELSE_STATEMENT_ON_ITS_LINE,12
kobuki_safety_controller,ELSE_BRACES,1
kobuki_safety_controller,WHITESPACE_AT_END_OF_LINE,2
kobuki_safety_controller,WHITESPACE_BEFORE_COMMENTS,9
kobuki_safety_controller,WHITESPACE_BEFORE_COMMENT_TEXT,2
kobuki_safety_controller,INCLUDE_ORDER,8
kobuki_safety_controller,INCLUDE_WHAT_YOU_USE,1
kobuki_safety_controller,POINTLESS_EMPTY_STATEMENT,3
kobuki_safety_controller,NON_CONST_REFERENCE_PARAMETERS,2
kobuki_safety_controller,UNUSED_VARIABLES,1
kobuki_safety_controller,INTEGER_TYPES,1
ecl_io,MIN_COM_RATIO,1
ecl_io,MAX_COM_RATIO,5
ecl_io,MAX_COM_RATIO,4
ecl_io,MAX_CC,4
ecl_io,MAX_CC,3
ecl_io,MAX_LINE_LENGTH,23
ecl_io,SPACES_OVER_TABS,484
ecl_io,OPEN_CURLY_BRACE,2
ecl_io,OPEN_CURLY_BRACE,73
ecl_io,INDENT_ACCESS_MODIFIERS,2
ecl_io,BLANK_LINES_IN_CODE_BLOCKS,3
ecl_io,WHITESPACE_INSIDE_PARENTHESIS,11
ecl_io,WHITESPACE_AFTER_COMMA,1
ecl_io,WHITESPACE_BEFORE_OPENING_BRAC,1
ecl_io,CLOSE_CURLY_BRACE,18
ecl_io,LICENSE_STATEMENT,11
ecl_io,WHITESPACE_AFTER_PARENTHESIS,3
ecl_io,WHITESPACE_BEFORE_PARENTHESIS,11
ecl_io,WHITESPACE_BEFORE_COMMENTS,16
ecl_io,WHITESPACE_BEFORE_COMMENT_TEXT,50
ecl_io,INCLUDE_ORDER,11
ecl_io,C_SYSTEM_HEADERS,1
ecl_io,C_STANDARD_LIBRARY,13
ecl_io,POINTLESS_EMPTY_STATEMENT,1
ecl_io,C_TYPES,4
ecl_io,DEPRECATED_CASTING,1
ecl_io,UNUSED_VARIABLES,1
ecl_io,REDUNDANT_EXPRESSIONS,4
ecl_io,SMALLEST_SCOPE,2
ecl_io,DEFAULT_ARGUMENTS,1
ecl_io,UNIONS,1
ecl_io,INTEGER_TYPES,30
ecl_io,ORDER_OF_EVALUATION,2
yocs_controllers,MAX_COM_RATIO,1
yocs_controllers,MAX_COM_RATIO,1
yocs_controllers,OPEN_CURLY_BRACE,10
yocs_controllers,INDENT_ACCESS_MODIFIERS,2
yocs_controllers,ELSE_STATEMENT_ON_ITS_LINE,2
yocs_controllers,WHITESPACE_BEFORE_COMMENTS,1
yocs_controllers,POINTLESS_EMPTY_STATEMENT,1
ecl_formatters,MIN_COM_RATIO,1
ecl_formatters,MAX_COM_RATIO,5
ecl_formatters,MAX_COM_RATIO,5
ecl_formatters,MAX_LINE_LENGTH,90
ecl_formatters,SPACES_OVER_TABS,46
ecl_formatters,OPEN_CURLY_BRACE,69
ecl_formatters,OPEN_CURLY_BRACE,24
ecl_formatters,INDENT_ACCESS_MODIFIERS,20
ecl_formatters,BLANK_LINES_IN_CODE_BLOCKS,2
ecl_formatters,WHITESPACE_AROUND_BINARY_OPERA,2
ecl_formatters,WHITESPACE_BEFORE_PARENTHESIS,2
ecl_formatters,WHITESPACE_AFTER_COMMA,63
ecl_formatters,ONE_COMMAND_PER_LINE,4
ecl_formatters,CLOSE_CURLY_BRACE,2
ecl_formatters,LICENSE_STATEMENT,8
ecl_formatters,WHITESPACE_AFTER_PARENTHESIS,25
ecl_formatters,WHITESPACE_BEFORE_PARENTHESIS,34
ecl_formatters,WHITESPACE_BEFORE_COMMENTS,20
ecl_formatters,INCLUDE_ORDER,6
ecl_formatters,INCLUDE_WHAT_YOU_USE,1
ecl_formatters,C_TYPES,12
ecl_formatters,NON_CONST_REFERENCE_PARAMETERS,30
ecl_formatters,INITIALIZE_MEMBER_VARIABLES,7
ecl_formatters,INTEGER_TYPES,92
ecl_formatters,ORDER_OF_EVALUATION,14
ecl_formatters,EXPLICIT_CONSTRUCTORS,13
yocs_ar_marker_tracking,MIN_COM_RATIO,2
yocs_ar_marker_tracking,MAX_COM_RATIO,4
yocs_ar_marker_tracking,MAX_COM_RATIO,3
yocs_ar_marker_tracking,MAX_CC,1
yocs_ar_marker_tracking,MAX_COUPLING,1
yocs_ar_marker_tracking,MAX_LINE_LENGTH,81
yocs_ar_marker_tracking,OPEN_CURLY_BRACE,54
yocs_ar_marker_tracking,OPEN_CURLY_BRACE,9
yocs_ar_marker_tracking,INDENT_ACCESS_MODIFIERS,3
yocs_ar_marker_tracking,BLANK_LINES_IN_CODE_BLOCKS,4
yocs_ar_marker_tracking,WHITESPACE_AROUND_BINARY_OPERA,1
yocs_ar_marker_tracking,WHITESPACE_BEFORE_PARENTHESIS,3
yocs_ar_marker_tracking,WHITESPACE_AFTER_COMMA,8
yocs_ar_marker_tracking,WHITESPACE_AT_END_OF_LINE,16
yocs_ar_marker_tracking,ONE_COMMAND_PER_LINE,1
yocs_ar_marker_tracking,LICENSE_STATEMENT,6
yocs_ar_marker_tracking,COMPLEX_MULTILINE_COMMENTS_AND,1
yocs_ar_marker_tracking,END_OF_NAMESPACE_COMMENT,4
yocs_ar_marker_tracking,WHITESPACE_BEFORE_COMMENTS,3
yocs_ar_marker_tracking,WHITESPACE_BEFORE_COMMENT_TEXT,1
yocs_ar_marker_tracking,TODO_COMMENT_FORMAT,1
yocs_ar_marker_tracking,INCLUDE_ORDER,3
yocs_ar_marker_tracking,INCLUDE_WHAT_YOU_USE,7
yocs_ar_marker_tracking,NON_CONST_REFERENCE_PARAMETERS,16
yocs_ar_marker_tracking,DEPRECATED_CASTING,3
yocs_ar_marker_tracking,UNUSED_VARIABLES,2
yocs_ar_marker_tracking,INTEGER_TYPES,17
yocs_math_toolkit,MIN_COM_RATIO,2
yocs_math_toolkit,MAX_COM_RATIO,1
yocs_math_toolkit,MAX_COM_RATIO,1
yocs_math_toolkit,MAX_FUNCTION_PARAMETERS,2
yocs_math_toolkit,MAX_LINE_LENGTH,23
yocs_math_toolkit,OPEN_CURLY_BRACE,57
yocs_math_toolkit,OPEN_CURLY_BRACE,1
yocs_math_toolkit,LICENSE_STATEMENT,4
yocs_math_toolkit,INCLUDE_WHAT_YOU_USE,4
yocs_math_toolkit,POINTLESS_EMPTY_STATEMENT,1
yocs_math_toolkit,STRING_PRINT_C_FUNCTIONS,2
yocs_math_toolkit,NON_CONST_REFERENCE_PARAMETERS,20
yocs_math_toolkit,UNUSED_VARIABLES,4
yocs_math_toolkit,SMALLEST_SCOPE,3
yocs_math_toolkit,INTEGER_TYPES,2
yocs_math_toolkit,FLOAT_ACCURACY,1
ecl_time,MIN_COM_RATIO,3
ecl_time,MAX_COM_RATIO,26
ecl_time,MAX_COM_RATIO,26
ecl_time,MAX_CC,2
ecl_time,MAX_CC,1
ecl_time,MAX_LINE_LENGTH,137
ecl_time,SPACES_OVER_TABS,281
ecl_time,OPEN_CURLY_BRACE,32
ecl_time,OPEN_CURLY_BRACE,179
ecl_time,INDENT_ACCESS_MODIFIERS,32
ecl_time,BLANK_LINES_IN_CODE_BLOCKS,21
ecl_time,WHITESPACE_AROUND_ASSIGNMENT,9
ecl_time,WHITESPACE_AROUND_BINARY_OPERA,12
ecl_time,WHITESPACE_BEFORE_PARENTHESIS,6
ecl_time,WHITESPACE_INSIDE_PARENTHESIS,6
ecl_time,WHITESPACE_AFTER_COMMA,84
ecl_time,WHITESPACE_BEFORE_OPENING_BRAC,2
ecl_time,BLANK_LINE_BEFORE_SECTION,6
ecl_time,ELSE_STATEMENT_ON_ITS_LINE,1
ecl_time,ONE_COMMAND_PER_LINE,57
ecl_time,CLOSE_CURLY_BRACE,23
ecl_time,LICENSE_STATEMENT,36
ecl_time,WHITESPACE_AFTER_PARENTHESIS,38
ecl_time,WHITESPACE_BEFORE_PARENTHESIS,54
ecl_time,WHITESPACE_BEFORE_COMMENTS,52
ecl_time,WHITESPACE_BEFORE_COMMENT_TEXT,3
ecl_time,TODO_COMMENT_FORMAT,1
ecl_time,INCLUDE_ORDER,41
ecl_time,INCLUDE_WHAT_YOU_USE,2
ecl_time,C_SYSTEM_HEADERS,7
ecl_time,C_STANDARD_LIBRARY,2
ecl_time,POINTLESS_EMPTY_STATEMENT,6
ecl_time,C_TYPES,57
ecl_time,UNUSED_VARIABLES,1
ecl_time,CASE_FALL_THROUGH,6
ecl_time,DEFAULT_ARGUMENTS,3
ecl_time,STD_VECTOR_BOOL,2
ecl_time,INTEGER_TYPES,91
ecl_time,THREAD_SAFE_FUNCTIONS,1
ecl_time,EXPLICIT_CONSTRUCTORS,1
yocs_ar_pair_approach,MIN_COM_RATIO,1
yocs_ar_pair_approach,MAX_COM_RATIO,2
yocs_ar_pair_approach,MAX_COM_RATIO,1
turtlebot_actions,MIN_COM_RATIO,4
turtlebot_actions,MAX_COM_RATIO,2
turtlebot_actions,MAX_CC,2
turtlebot_actions,MAX_COUPLING,4
turtlebot_actions,MAX_LINE_LENGTH,28
turtlebot_actions,OPEN_CURLY_BRACE,41
turtlebot_actions,INDENT_ACCESS_MODIFIERS,6
turtlebot_actions,BLANK_LINES_IN_CODE_BLOCKS,8
turtlebot_actions,WHITESPACE_BEFORE_PARENTHESIS,5
turtlebot_actions,WHITESPACE_AFTER_COMMA,12
turtlebot_actions,WHITESPACE_AT_END_OF_LINE,63
turtlebot_actions,LICENSE_STATEMENT,2
turtlebot_actions,WHITESPACE_AFTER_PARENTHESIS,2
turtlebot_actions,WHITESPACE_BEFORE_COMMENTS,1
turtlebot_actions,WHITESPACE_BEFORE_COMMENT_TEXT,21
turtlebot_actions,HEADER_GUARD_FORMAT,1
turtlebot_actions,HEADER_GUARD_FORMAT,1
turtlebot_actions,HEADER_GUARD_CLOSE,1
turtlebot_actions,INCLUDE_ORDER,8
turtlebot_actions,INCLUDE_WHAT_YOU_USE,3
turtlebot_actions,INCLUDE_TWICE,1
turtlebot_actions,NAMESPACE_USING_DIRECTIVES,1
turtlebot_actions,NON_CONST_REFERENCE_PARAMETERS,11
turtlebot_actions,DEPRECATED_CASTING,4
turtlebot_actions,CASE_FALL_THROUGH,2
turtlebot_actions,INTEGER_TYPES,7
turtlebot_actions,ORDER_OF_EVALUATION,2
turtlebot_actions,EXPLICIT_CONSTRUCTORS,2
ecl_streams,MIN_COM_RATIO,6
ecl_streams,MAX_COM_RATIO,13
ecl_streams,MAX_COM_RATIO,12
ecl_streams,MAX_LINE_LENGTH,128
ecl_streams,SPACES_OVER_TABS,300
ecl_streams,OPEN_CURLY_BRACE,20
ecl_streams,OPEN_CURLY_BRACE,176
ecl_streams,INDENT_ACCESS_MODIFIERS,18
ecl_streams,BLANK_LINES_IN_CODE_BLOCKS,20
ecl_streams,WHITESPACE_BEFORE_PARENTHESIS,3
ecl_streams,WHITESPACE_INSIDE_PARENTHESIS,1
ecl_streams,WHITESPACE_AFTER_COMMA,119
ecl_streams,WHITESPACE_BEFORE_OPENING_BRAC,2
ecl_streams,ELSE_BRACES,1
ecl_streams,SINGLE_LINE_ELSE_IF_ELSE,1
ecl_streams,ONE_COMMAND_PER_LINE,6
ecl_streams,CLOSE_CURLY_BRACE,48
ecl_streams,LICENSE_STATEMENT,23
ecl_streams,WHITESPACE_AFTER_PARENTHESIS,70
ecl_streams,WHITESPACE_BEFORE_PARENTHESIS,71
ecl_streams,WHITESPACE_BEFORE_COMMENTS,51
ecl_streams,WHITESPACE_BEFORE_COMMENT_TEXT,1
ecl_streams,INCLUDE_ORDER,55
ecl_streams,INCLUDE_WHAT_YOU_USE,1
ecl_streams,POINTLESS_EMPTY_STATEMENT,14
ecl_streams,C_TYPES,43
ecl_streams,NAMESPACE_USING_DIRECTIVES,1
ecl_streams,NON_CONST_REFERENCE_PARAMETERS,12
ecl_streams,INITIALIZE_MEMBER_VARIABLES,2
ecl_streams,UNUSED_VARIABLES,6
ecl_streams,DEFAULT_ARGUMENTS,1
ecl_streams,INTEGER_TYPES,65
kobuki_driver,MIN_COM_RATIO,2
kobuki_driver,MAX_COM_RATIO,31
kobuki_driver,MAX_COM_RATIO,29
kobuki_driver,MAX_CC,7
kobuki_driver,MAX_CC,3
kobuki_driver,MAX_COUPLING,3
kobuki_driver,MAX_FUNCTION_PARAMETERS,1
kobuki_driver,MAX_LINE_LENGTH,283
kobuki_driver,SPACES_OVER_TABS,14
kobuki_driver,OPEN_CURLY_BRACE,286
kobuki_driver,OPEN_CURLY_BRACE,183
kobuki_driver,INDENT_ACCESS_MODIFIERS,44
kobuki_driver,BLANK_LINES_IN_CODE_BLOCKS,6
kobuki_driver,WHITESPACE_AROUND_ASSIGNMENT,16
kobuki_driver,WHITESPACE_AROUND_BINARY_OPERA,6
kobuki_driver,WHITESPACE_BEFORE_PARENTHESIS,69
kobuki_driver,WHITESPACE_INSIDE_PARENTHESIS,6
kobuki_driver,WHITESPACE_AFTER_COMMA,5
kobuki_driver,WHITESPACE_AFTER_SEMICOLON,4
kobuki_driver,WHITESPACE_BEFORE_OPENING_BRAC,3
kobuki_driver,WHITESPACE_BEFORE_SEMICOLON,2
kobuki_driver,BLANK_LINE_BEFORE_SECTION,1
kobuki_driver,ELSE_STATEMENT_ON_ITS_LINE,19
kobuki_driver,ELSE_BRACES,4
kobuki_driver,WHITESPACE_AT_END_OF_LINE,1
kobuki_driver,ONE_COMMAND_PER_LINE,14
kobuki_driver,CLOSE_CURLY_BRACE,53
kobuki_driver,LICENSE_STATEMENT,41
kobuki_driver,END_OF_NAMESPACE_COMMENT,2
kobuki_driver,WHITESPACE_AFTER_PARENTHESIS,30
kobuki_driver,WHITESPACE_BEFORE_PARENTHESIS,34
kobuki_driver,WHITESPACE_BEFORE_COMMENTS,114
kobuki_driver,WHITESPACE_BEFORE_COMMENT_TEXT,97
kobuki_driver,TODO_COMMENT_FORMAT,3
kobuki_driver,INCLUDE_ORDER,65
kobuki_driver,INCLUDE_WHAT_YOU_USE,14
kobuki_driver,C_SYSTEM_HEADERS,7
kobuki_driver,EMPTY_STATEMENT,3
kobuki_driver,POINTLESS_EMPTY_STATEMENT,16
kobuki_driver,ALTERNATIVE_TOKENS,2
kobuki_driver,INCLUDE_TWICE,1
kobuki_driver,C_TYPES,30
kobuki_driver,NON_CONST_REFERENCE_PARAMETERS,64
kobuki_driver,DEPRECATED_CASTING,6
kobuki_driver,INITIALIZE_MEMBER_VARIABLES,27
kobuki_driver,UNUSED_VARIABLES,13
kobuki_driver,REDUNDANT_EXPRESSIONS,3
kobuki_driver,SMALLEST_SCOPE,1
kobuki_driver,CASE_FALL_THROUGH,5
kobuki_driver,DEFAULT_ARGUMENTS,1
kobuki_driver,UNIONS,1
kobuki_driver,INTEGER_TYPES,134
kobuki_driver,ORDER_OF_EVALUATION,3
kobuki_driver,EXPLICIT_CONSTRUCTORS,3
pano_core,MIN_COM_RATIO,33
pano_core,MAX_COM_RATIO,7
pano_core,MAX_COM_RATIO,6
pano_core,MAX_CC,6
pano_core,MAX_CC,4
pano_core,MAX_COUPLING,15
pano_core,MAX_FUNCTION_PARAMETERS,4
pano_core,MAX_LINE_LENGTH,374
pano_core,SPACES_OVER_TABS,179
pano_core,OPEN_CURLY_BRACE,785
pano_core,OPEN_CURLY_BRACE,87
pano_core,INDENT_ACCESS_MODIFIERS,59
pano_core,BLANK_LINES_IN_CODE_BLOCKS,260
pano_core,WHITESPACE_BEFORE_BRACKETS,1
pano_core,WHITESPACE_AROUND_ASSIGNMENT,7
pano_core,WHITESPACE_BEFORE_PARENTHESIS,35
pano_core,WHITESPACE_AFTER_COMMA,121
pano_core,WHITESPACE_AFTER_SEMICOLON,3
pano_core,WHITESPACE_BEFORE_OPENING_BRAC,62
pano_core,WHITESPACE_AFTER_CLOSING_BRACE,2
pano_core,WHITESPACE_BEFORE_SEMICOLON,11
pano_core,BLANK_LINE_BEFORE_SECTION,1
pano_core,ELSE_STATEMENT_ON_ITS_LINE,30
pano_core,ELSE_BRACES,1
pano_core,WHITESPACE_AT_END_OF_LINE,4
pano_core,SPACE_INDENTATION,25
pano_core,ONE_COMMAND_PER_LINE,4
pano_core,NAMESPACE_INDENTATION,5
pano_core,CLOSE_CURLY_BRACE,2
pano_core,LICENSE_STATEMENT,49
pano_core,COMPLEX_MULTILINE_COMMENTS_AND,3
pano_core,END_OF_NAMESPACE_COMMENT,41
pano_core,WHITESPACE_AFTER_PARENTHESIS,49
pano_core,WHITESPACE_BEFORE_PARENTHESIS,37
pano_core,WHITESPACE_BEFORE_COMMENTS,54
pano_core,WHITESPACE_BEFORE_COMMENT_TEXT,242
pano_core,TODO_COMMENT_FORMAT,1
pano_core,HEADER_GUARD,2
pano_core,HEADER_GUARD_FORMAT,17
pano_core,HEADER_GUARD_FORMAT,17
pano_core,HEADER_GUARD_CLOSE,17
pano_core,INCLUDE_ORDER,141
pano_core,INCLUDE_WHAT_YOU_USE,59
pano_core,C_SYSTEM_HEADERS,1
pano_core,STORAGE_CLASS_BEFORE_TYPE,2
pano_core,EMPTY_STATEMENT,10
pano_core,INCLUDE_TWICE,6
pano_core,NAMESPACE_USING_DIRECTIVES,62
pano_core,STRING_CONSTANTS,2
pano_core,NON_CONST_REFERENCE_PARAMETERS,149
pano_core,DEPRECATED_CASTING,62
pano_core,UNUSED_VARIABLES,31
pano_core,REDUNDANT_EXPRESSIONS,2
pano_core,SMALLEST_SCOPE,1
pano_core,CASE_FALL_THROUGH,7
pano_core,MAX_POINTER_INDIRECTION,13
pano_core,DEFAULT_ARGUMENTS,7
pano_core,INTEGER_TYPES,175
pano_core,ORDER_OF_EVALUATION,2
pano_core,EXPLICIT_CONSTRUCTORS,15
ecl_containers,MIN_COM_RATIO,5
ecl_containers,MAX_COM_RATIO,16
ecl_containers,MAX_COM_RATIO,13
ecl_containers,MAX_LINE_LENGTH,384
ecl_containers,SPACES_OVER_TABS,433
ecl_containers,OPEN_CURLY_BRACE,187
ecl_containers,OPEN_CURLY_BRACE,215
ecl_containers,INDENT_ACCESS_MODIFIERS,54
ecl_containers,BLANK_LINES_IN_CODE_BLOCKS,42
ecl_containers,WHITESPACE_AROUND_ASSIGNMENT,13
ecl_containers,WHITESPACE_AROUND_BINARY_OPERA,29
ecl_containers,WHITESPACE_BEFORE_PARENTHESIS,14
ecl_containers,WHITESPACE_INSIDE_PARENTHESIS,2
ecl_containers,WHITESPACE_AFTER_COMMA,509
ecl_containers,WHITESPACE_BEFORE_OPENING_BRAC,14
ecl_containers,ELSE_STATEMENT_ON_ITS_LINE,1
ecl_containers,ONE_COMMAND_PER_LINE,8
ecl_containers,NAMESPACE_INDENTATION,1
ecl_containers,CLOSE_CURLY_BRACE,10
ecl_containers,LICENSE_STATEMENT,29
ecl_containers,WHITESPACE_AFTER_PARENTHESIS,142
ecl_containers,WHITESPACE_BEFORE_PARENTHESIS,33
ecl_containers,WHITESPACE_BEFORE_COMMENTS,63
ecl_containers,WHITESPACE_BEFORE_COMMENT_TEXT,18
ecl_containers,INCLUDE_ORDER,66
ecl_containers,INCLUDE_WHAT_YOU_USE,2
ecl_containers,POINTLESS_EMPTY_STATEMENT,16
ecl_containers,C_TYPES,8
ecl_containers,NON_CONST_REFERENCE_PARAMETERS,13
ecl_containers,DEPRECATED_CASTING,10
ecl_containers,UNUSED_VARIABLES,2
ecl_containers,INTEGER_TYPES,224
ecl_containers,ORDER_OF_EVALUATION,9
ecl_containers,OVERLOAD_SPECIAL_OPERATORS,4
ecl_containers,EXPLICIT_CONSTRUCTORS,17
ecl_mobile_robot,MAX_COM_RATIO,4
ecl_mobile_robot,MAX_COM_RATIO,4
ecl_mobile_robot,MAX_LINE_LENGTH,23
ecl_mobile_robot,SPACES_OVER_TABS,63
ecl_mobile_robot,OPEN_CURLY_BRACE,1
ecl_mobile_robot,OPEN_CURLY_BRACE,16
ecl_mobile_robot,INDENT_ACCESS_MODIFIERS,3
ecl_mobile_robot,BLANK_LINES_IN_CODE_BLOCKS,3
ecl_mobile_robot,WHITESPACE_AFTER_COMMA,2
ecl_mobile_robot,WHITESPACE_BEFORE_OPENING_BRAC,1
ecl_mobile_robot,BLANK_LINE_BEFORE_SECTION,1
ecl_mobile_robot,LICENSE_STATEMENT,7
ecl_mobile_robot,WHITESPACE_BEFORE_PARENTHESIS,2
ecl_mobile_robot,WHITESPACE_BEFORE_COMMENTS,11
ecl_mobile_robot,WHITESPACE_BEFORE_COMMENT_TEXT,4
ecl_mobile_robot,INCLUDE_ORDER,11
ecl_mobile_robot,UNUSED_VARIABLES,1
ecl_mobile_robot,INTEGER_TYPES,2
yocs_diff_drive_pose_controller,MAX_COM_RATIO,2
yocs_diff_drive_pose_controller,MAX_COM_RATIO,2
yocs_diff_drive_pose_controller,MAX_CC,1
yocs_diff_drive_pose_controller,MAX_COUPLING,2
yocs_diff_drive_pose_controller,MAX_LINE_LENGTH,43
yocs_diff_drive_pose_controller,OPEN_CURLY_BRACE,59
yocs_diff_drive_pose_controller,INDENT_ACCESS_MODIFIERS,4
yocs_diff_drive_pose_controller,WHITESPACE_BEFORE_PARENTHESIS,15
yocs_diff_drive_pose_controller,ELSE_STATEMENT_ON_ITS_LINE,10
yocs_diff_drive_pose_controller,WHITESPACE_AT_END_OF_LINE,1
yocs_diff_drive_pose_controller,WHITESPACE_BEFORE_COMMENTS,3
yocs_diff_drive_pose_controller,INCLUDE_ORDER,12
yocs_diff_drive_pose_controller,POINTLESS_EMPTY_STATEMENT,3
yocs_diff_drive_pose_controller,UNUSED_VARIABLES,1
yocs_diff_drive_pose_controller,INTEGER_TYPES,1
kobuki_bumper2pc,MAX_COM_RATIO,2
kobuki_bumper2pc,MAX_COM_RATIO,1
kobuki_bumper2pc,MAX_CC,1
kobuki_bumper2pc,MAX_COUPLING,1
kobuki_bumper2pc,MAX_LINE_LENGTH,26
kobuki_bumper2pc,OPEN_CURLY_BRACE,12
kobuki_bumper2pc,INDENT_ACCESS_MODIFIERS,2
kobuki_bumper2pc,WHITESPACE_AROUND_UNARY_OPERAT,1
kobuki_bumper2pc,ELSE_STATEMENT_ON_ITS_LINE,3
kobuki_bumper2pc,WHITESPACE_AT_END_OF_LINE,2
kobuki_bumper2pc,ONE_COMMAND_PER_LINE,2
kobuki_bumper2pc,LICENSE_STATEMENT,1
kobuki_bumper2pc,WHITESPACE_BEFORE_COMMENTS,6
kobuki_bumper2pc,INCLUDE_ORDER,1
kobuki_bumper2pc,UNUSED_VARIABLES,1
kobuki_bumper2pc,INTEGER_TYPES,2
turtlebot_navigation,MAX_COM_RATIO,1
turtlebot_navigation,MAX_COM_RATIO,1
turtlebot_navigation,MAX_COUPLING,1
turtlebot_navigation,MAX_LINE_LENGTH,5
turtlebot_navigation,OPEN_CURLY_BRACE,7
turtlebot_navigation,OPEN_CURLY_BRACE,2
turtlebot_navigation,INDENT_ACCESS_MODIFIERS,2
turtlebot_navigation,BLANK_LINES_IN_CODE_BLOCKS,1
turtlebot_navigation,WHITESPACE_AROUND_ASSIGNMENT,1
turtlebot_navigation,WHITESPACE_BEFORE_PARENTHESIS,3
turtlebot_navigation,WHITESPACE_BEFORE_OPENING_BRAC,2
turtlebot_navigation,WHITESPACE_AT_END_OF_LINE,2
turtlebot_navigation,CLOSE_CURLY_BRACE,1
turtlebot_navigation,INCLUDE_WHAT_YOU_USE,1
turtlebot_navigation,C_SYSTEM_HEADERS,1
turtlebot_navigation,INTEGER_TYPES,2
turtlebot_panorama,MIN_COM_RATIO,1
turtlebot_panorama,MAX_COM_RATIO,2
turtlebot_panorama,MAX_COM_RATIO,2
turtlebot_panorama,MAX_CC,1
turtlebot_panorama,MAX_CC,1
turtlebot_panorama,MAX_COUPLING,2
turtlebot_panorama,MAX_LINE_LENGTH,25
turtlebot_panorama,SPACES_OVER_TABS,4
turtlebot_panorama,OPEN_CURLY_BRACE,64
turtlebot_panorama,INDENT_ACCESS_MODIFIERS,2
turtlebot_panorama,ELSE_STATEMENT_ON_ITS_LINE,19
turtlebot_panorama,WHITESPACE_AT_END_OF_LINE,4
turtlebot_panorama,LICENSE_STATEMENT,1
turtlebot_panorama,WHITESPACE_BEFORE_COMMENTS,15
turtlebot_panorama,WHITESPACE_BEFORE_COMMENT_TEXT,2
turtlebot_panorama,TODO_COMMENT_FORMAT,1
turtlebot_panorama,INCLUDE_DIRECTORY_IN_HEADER,1
turtlebot_panorama,HEADER_GUARD_FORMAT,2
turtlebot_panorama,HEADER_GUARD_FORMAT,2
turtlebot_panorama,HEADER_GUARD_CLOSE,2
turtlebot_panorama,INCLUDE_ORDER,8
turtlebot_panorama,INCLUDE_WHAT_YOU_USE,3
turtlebot_panorama,NON_CONST_REFERENCE_PARAMETERS,2
turtlebot_panorama,DEPRECATED_CASTING,2
turtlebot_panorama,REDUNDANT_EXPRESSIONS,1
turtlebot_panorama,INTEGER_TYPES,1
turtlebot_panorama,FLOAT_ACCURACY,1
yocs_cmd_vel_mux,MAX_COM_RATIO,5
yocs_cmd_vel_mux,MAX_COM_RATIO,5
yocs_cmd_vel_mux,MAX_COUPLING,1
yocs_cmd_vel_mux,MAX_LINE_LENGTH,22
yocs_cmd_vel_mux,OPEN_CURLY_BRACE,28
yocs_cmd_vel_mux,OPEN_CURLY_BRACE,15
yocs_cmd_vel_mux,INDENT_ACCESS_MODIFIERS,12
yocs_cmd_vel_mux,BLANK_LINES_IN_CODE_BLOCKS,2
yocs_cmd_vel_mux,WHITESPACE_BEFORE_BRACKETS,1
yocs_cmd_vel_mux,WHITESPACE_BEFORE_PARENTHESIS,1
yocs_cmd_vel_mux,ELSE_STATEMENT_ON_ITS_LINE,1
yocs_cmd_vel_mux,ONE_COMMAND_PER_LINE,2
yocs_cmd_vel_mux,LICENSE_STATEMENT,5
yocs_cmd_vel_mux,WHITESPACE_BEFORE_COMMENTS,6
yocs_cmd_vel_mux,INCLUDE_ORDER,6
yocs_cmd_vel_mux,INCLUDE_WHAT_YOU_USE,4
yocs_cmd_vel_mux,POINTLESS_EMPTY_STATEMENT,3
yocs_cmd_vel_mux,NON_CONST_REFERENCE_PARAMETERS,1
yocs_cmd_vel_mux,UNUSED_VARIABLES,3
yocs_cmd_vel_mux,REDUNDANT_EXPRESSIONS,1
yocs_cmd_vel_mux,INTEGER_TYPES,4
yocs_cmd_vel_mux,EXPLICIT_CONSTRUCTORS,3
turtlebot_arm_block_manipulation,MAX_COM_RATIO,3
turtlebot_arm_block_manipulation,MAX_CC,3
turtlebot_arm_block_manipulation,MAX_CC,3
turtlebot_arm_block_manipulation,MAX_COUPLING,6
turtlebot_arm_block_manipulation,MAX_FUNCTION_PARAMETERS,1
turtlebot_arm_block_manipulation,MAX_LINE_LENGTH,83
turtlebot_arm_block_manipulation,OPEN_CURLY_BRACE,97
turtlebot_arm_block_manipulation,OPEN_CURLY_BRACE,2
turtlebot_arm_block_manipulation,INDENT_ACCESS_MODIFIERS,13
turtlebot_arm_block_manipulation,BLANK_LINES_IN_CODE_BLOCKS,11
turtlebot_arm_block_manipulation,WHITESPACE_AROUND_ASSIGNMENT,4
turtlebot_arm_block_manipulation,WHITESPACE_BEFORE_PARENTHESIS,10
turtlebot_arm_block_manipulation,WHITESPACE_AFTER_COMMA,2
turtlebot_arm_block_manipulation,WHITESPACE_BEFORE_OPENING_BRAC,5
turtlebot_arm_block_manipulation,WHITESPACE_AFTER_CLOSING_BRACE,3
turtlebot_arm_block_manipulation,ELSE_STATEMENT_ON_ITS_LINE,6
turtlebot_arm_block_manipulation,ELSE_BRACES,2
turtlebot_arm_block_manipulation,WHITESPACE_AT_END_OF_LINE,153
turtlebot_arm_block_manipulation,ONE_COMMAND_PER_LINE,3
turtlebot_arm_block_manipulation,CLOSE_CURLY_BRACE,3
turtlebot_arm_block_manipulation,END_OF_NAMESPACE_COMMENT,4
turtlebot_arm_block_manipulation,WHITESPACE_AFTER_PARENTHESIS,36
turtlebot_arm_block_manipulation,WHITESPACE_BEFORE_PARENTHESIS,42
turtlebot_arm_block_manipulation,WHITESPACE_BEFORE_COMMENTS,3
turtlebot_arm_block_manipulation,WHITESPACE_BEFORE_COMMENT_TEXT,2
turtlebot_arm_block_manipulation,INCLUDE_ORDER,12
turtlebot_arm_block_manipulation,INCLUDE_WHAT_YOU_USE,6
turtlebot_arm_block_manipulation,ALTERNATIVE_TOKENS,1
turtlebot_arm_block_manipulation,INCLUDE_TWICE,1
turtlebot_arm_block_manipulation,NAMESPACE_USING_DIRECTIVES,3
turtlebot_arm_block_manipulation,NON_CONST_REFERENCE_PARAMETERS,3
turtlebot_arm_block_manipulation,DEPRECATED_CASTING,5
turtlebot_arm_block_manipulation,INITIALIZE_MEMBER_VARIABLES,6
turtlebot_arm_block_manipulation,INTEGER_TYPES,25
turtlebot_arm_block_manipulation,ORDER_OF_EVALUATION,1
turtlebot_arm_block_manipulation,THREAD_SAFE_FUNCTIONS,1
turtlebot_arm_block_manipulation,EXPLICIT_CONSTRUCTORS,3
ecl_config,MIN_COM_RATIO,1
ecl_config,MAX_COM_RATIO,7
ecl_config,MAX_COM_RATIO,7
ecl_config,MAX_CC,1
ecl_config,MAX_CC,1
ecl_config,MAX_LINE_LENGTH,52
ecl_config,SPACES_OVER_TABS,103
ecl_config,OPEN_CURLY_BRACE,87
ecl_config,OPEN_CURLY_BRACE,17
ecl_config,SHORT_FUNCTIONS,1
ecl_config,BLANK_LINES_IN_CODE_BLOCKS,2
ecl_config,WHITESPACE_AROUND_ASSIGNMENT,51
ecl_config,WHITESPACE_AFTER_COMMA,39
ecl_config,ELSE_STATEMENT_ON_ITS_LINE,51
ecl_config,SPACE_INDENTATION,344
ecl_config,ONE_COMMAND_PER_LINE,12
ecl_config,CLOSE_CURLY_BRACE,2
ecl_config,LICENSE_STATEMENT,12
ecl_config,WHITESPACE_BEFORE_PARENTHESIS,9
ecl_config,WHITESPACE_BEFORE_COMMENTS,6
ecl_config,WHITESPACE_BEFORE_COMMENT_TEXT,6
ecl_config,INCLUDE_ORDER,6
ecl_config,C_SYSTEM_HEADERS,2
ecl_config,C_TYPES,7
ecl_config,INTEGER_TYPES,4
yocs_joyop,MIN_COM_RATIO,1
yocs_joyop,MAX_COUPLING,1
yocs_joyop,MAX_LINE_LENGTH,5
yocs_joyop,OPEN_CURLY_BRACE,25
yocs_joyop,INDENT_ACCESS_MODIFIERS,2
yocs_joyop,BLANK_LINES_IN_CODE_BLOCKS,1
yocs_joyop,WHITESPACE_AROUND_ASSIGNMENT,2
yocs_joyop,WHITESPACE_BEFORE_PARENTHESIS,3
yocs_joyop,ELSE_STATEMENT_ON_ITS_LINE,7
yocs_joyop,LICENSE_STATEMENT,1
yocs_joyop,WHITESPACE_BEFORE_COMMENTS,1
yocs_joyop,INTEGER_TYPES,3
kobuki_node,MIN_COM_RATIO,3
kobuki_node,MAX_COM_RATIO,7
kobuki_node,MAX_COM_RATIO,4
kobuki_node,MAX_CC,3
kobuki_node,MAX_COUPLING,6
kobuki_node,MAX_LINE_LENGTH,141
kobuki_node,OPEN_CURLY_BRACE,103
kobuki_node,OPEN_CURLY_BRACE,89
kobuki_node,INDENT_ACCESS_MODIFIERS,26
kobuki_node,WHITESPACE_AROUND_ASSIGNMENT,1
kobuki_node,WHITESPACE_AROUND_BINARY_OPERA,5
kobuki_node,WHITESPACE_BEFORE_PARENTHESIS,14
kobuki_node,WHITESPACE_INSIDE_PARENTHESIS,3
kobuki_node,WHITESPACE_AFTER_COMMA,4
kobuki_node,WHITESPACE_BEFORE_SEMICOLON,1
kobuki_node,ELSE_STATEMENT_ON_ITS_LINE,17
kobuki_node,ELSE_BRACES,8
kobuki_node,WHITESPACE_AT_END_OF_LINE,1
kobuki_node,ONE_COMMAND_PER_LINE,32
kobuki_node,CLOSE_CURLY_BRACE,13
kobuki_node,LICENSE_STATEMENT,4
kobuki_node,WHITESPACE_AFTER_PARENTHESIS,13
kobuki_node,WHITESPACE_BEFORE_PARENTHESIS,22
kobuki_node,WHITESPACE_BEFORE_COMMENTS,38
kobuki_node,WHITESPACE_BEFORE_COMMENT_TEXT,5
kobuki_node,TODO_COMMENT_FORMAT,4
kobuki_node,INCLUDE_ORDER,34
kobuki_node,INCLUDE_WHAT_YOU_USE,7
kobuki_node,C_SYSTEM_HEADERS,1
kobuki_node,POINTLESS_EMPTY_STATEMENT,2
kobuki_node,C_TYPES,6
kobuki_node,NON_CONST_REFERENCE_PARAMETERS,18
kobuki_node,DEPRECATED_CASTING,1
kobuki_node,INITIALIZE_MEMBER_VARIABLES,1
kobuki_node,UNUSED_VARIABLES,15
kobuki_node,INTEGER_TYPES,7
kobuki_node,EXPLICIT_CONSTRUCTORS,1
ecl_core_apps,MIN_COM_RATIO,4
ecl_core_apps,MAX_COM_RATIO,8
ecl_core_apps,MAX_COM_RATIO,6
ecl_core_apps,MAX_CC,7
ecl_core_apps,MAX_CC,3
ecl_core_apps,MAX_LINE_LENGTH,252
ecl_core_apps,SPACES_OVER_TABS,703
ecl_core_apps,OPEN_CURLY_BRACE,38
ecl_core_apps,OPEN_CURLY_BRACE,162
ecl_core_apps,INDENT_ACCESS_MODIFIERS,20
ecl_core_apps,BLANK_LINES_IN_CODE_BLOCKS,27
ecl_core_apps,WHITESPACE_AROUND_ASSIGNMENT,19
ecl_core_apps,WHITESPACE_AROUND_BINARY_OPERA,18
ecl_core_apps,WHITESPACE_BEFORE_PARENTHESIS,10
ecl_core_apps,WHITESPACE_INSIDE_PARENTHESIS,4
ecl_core_apps,WHITESPACE_AFTER_COMMA,203
ecl_core_apps,WHITESPACE_BEFORE_OPENING_BRAC,20
ecl_core_apps,SPACE_INDENTATION,253
ecl_core_apps,ONE_COMMAND_PER_LINE,14
ecl_core_apps,CLOSE_CURLY_BRACE,43
ecl_core_apps,LICENSE_STATEMENT,18
ecl_core_apps,WHITESPACE_AFTER_PARENTHESIS,22
ecl_core_apps,WHITESPACE_BEFORE_PARENTHESIS,25
ecl_core_apps,WHITESPACE_BEFORE_COMMENTS,38
ecl_core_apps,WHITESPACE_BEFORE_COMMENT_TEXT,10
ecl_core_apps,INCLUDE_ORDER,90
ecl_core_apps,INCLUDE_WHAT_YOU_USE,4
ecl_core_apps,C_SYSTEM_HEADERS,1
ecl_core_apps,POINTLESS_EMPTY_STATEMENT,1
ecl_core_apps,INCLUDE_TWICE,2
ecl_core_apps,C_TYPES,22
ecl_core_apps,NAMESPACE_USING_DIRECTIVES,7
ecl_core_apps,STRING_PRINT_C_FUNCTIONS,7
ecl_core_apps,NON_CONST_REFERENCE_PARAMETERS,5
ecl_core_apps,DEPRECATED_CASTING,21
ecl_core_apps,INITIALIZE_MEMBER_VARIABLES,5
ecl_core_apps,UNUSED_VARIABLES,3
ecl_core_apps,REDUNDANT_EXPRESSIONS,25
ecl_core_apps,SMALLEST_SCOPE,7
ecl_core_apps,DEFAULT_ARGUMENTS,2
ecl_core_apps,INTEGER_TYPES,140
ecl_core_apps,ORDER_OF_EVALUATION,5
ecl_core_apps,THREAD_SAFE_FUNCTIONS,1
ecl_core_apps,EXPLICIT_CONSTRUCTORS,6
ecl_eigen,MIN_COM_RATIO,289
ecl_eigen,MAX_COM_RATIO,222
ecl_eigen,MAX_COM_RATIO,195
ecl_eigen,MAX_CC,76
ecl_eigen,MAX_CC,36
ecl_eigen,MAX_COUPLING,6
ecl_eigen,MAX_WEIGHT_METHODS,4
ecl_eigen,MAX_WEIGHT_METHODS,2
ecl_eigen,MAX_LINE_LENGTH,13117
ecl_eigen,SPACES_OVER_TABS,845
ecl_eigen,OPEN_CURLY_BRACE,10162
ecl_eigen,OPEN_CURLY_BRACE,2894
ecl_eigen,NEWLINE_AT_END_OF_FILE,1
ecl_eigen,ALIGNED_CLOSING_CURLY_BRACE,6
ecl_eigen,INDENT_ACCESS_MODIFIERS,1484
ecl_eigen,BLANK_LINES_IN_CODE_BLOCKS,767
ecl_eigen,WHITESPACE_BEFORE_BRACKETS,279
ecl_eigen,WHITESPACE_AROUND_COLON,12
ecl_eigen,WHITESPACE_AROUND_ASSIGNMENT,777
ecl_eigen,WHITESPACE_AROUND_BINARY_OPERA,3383
ecl_eigen,WHITESPACE_AROUND_UNARY_OPERAT,10
ecl_eigen,WHITESPACE_BEFORE_PARENTHESIS,2434
ecl_eigen,WHITESPACE_INSIDE_PARENTHESIS,12
ecl_eigen,WHITESPACE_AFTER_COMMA,8679
ecl_eigen,WHITESPACE_AFTER_SEMICOLON,80
ecl_eigen,WHITESPACE_BEFORE_OPENING_BRAC,133
ecl_eigen,WHITESPACE_AFTER_CLOSING_BRACE,8
ecl_eigen,WHITESPACE_BEFORE_SEMICOLON,579
ecl_eigen,BLANK_LINE_BEFORE_SECTION,2
ecl_eigen,ELSE_STATEMENT_ON_ITS_LINE,486
ecl_eigen,ELSE_BRACES,59
ecl_eigen,SINGLE_LINE_ELSE_IF_ELSE,72
ecl_eigen,SINGLE_STATEMENT_IF_ELSE,72
ecl_eigen,AMBIGUOUS_IF_ELSE_INDENTATION,25
ecl_eigen,WHITESPACE_AT_END_OF_LINE,3961
ecl_eigen,SPACE_INDENTATION,540
ecl_eigen,ONE_COMMAND_PER_LINE,748
ecl_eigen,NAMESPACE_INDENTATION,96
ecl_eigen,CLOSE_CURLY_BRACE,547
ecl_eigen,LICENSE_STATEMENT,33
ecl_eigen,COMPLEX_MULTILINE_COMMENTS_AND,2
ecl_eigen,END_OF_NAMESPACE_COMMENT,164
ecl_eigen,WHITESPACE_AFTER_PARENTHESIS,438
ecl_eigen,WHITESPACE_BEFORE_PARENTHESIS,449
ecl_eigen,WHITESPACE_BEFORE_COMMENTS,2346
ecl_eigen,WHITESPACE_BEFORE_COMMENT_TEXT,421
ecl_eigen,TODO_COMMENT_FORMAT,149
ecl_eigen,HEADER_GUARD,60
ecl_eigen,HEADER_GUARD_FORMAT,534
ecl_eigen,HEADER_GUARD_FORMAT,521
ecl_eigen,HEADER_GUARD_CLOSE,534
ecl_eigen,INCLUDE_ORDER,19
ecl_eigen,UNNAMED_PARAMETERS,10
ecl_eigen,INCLUDE_WHAT_YOU_USE,177
ecl_eigen,EMPTY_STATEMENT,2
ecl_eigen,POINTLESS_EMPTY_STATEMENT,4
ecl_eigen,C_TYPES,22
ecl_eigen,NAMESPACE_USING_DIRECTIVES,6
ecl_eigen,VARIABLE_LENGTH_ARRAYS,4
ecl_eigen,UNNAMED_NAMESPACES,2
ecl_eigen,NON_CONST_REFERENCE_PARAMETERS,1826
ecl_eigen,DEPRECATED_CASTING,856
ecl_eigen,DANGEROUS_ADDRESSES,2
ecl_eigen,EXPLICIT_CONSTRUCTORS,364
ecl_threads,MIN_COM_RATIO,2
ecl_threads,MAX_COM_RATIO,14
ecl_threads,MAX_COM_RATIO,11
ecl_threads,MAX_CC,7
ecl_threads,MAX_CC,3
ecl_threads,MAX_LINE_LENGTH,217
ecl_threads,SPACES_OVER_TABS,684
ecl_threads,OPEN_CURLY_BRACE,28
ecl_threads,OPEN_CURLY_BRACE,247
ecl_threads,INDENT_ACCESS_MODIFIERS,29
ecl_threads,BLANK_LINES_IN_CODE_BLOCKS,21
ecl_threads,WHITESPACE_INSIDE_PARENTHESIS,5
ecl_threads,WHITESPACE_AFTER_COMMA,76
ecl_threads,WHITESPACE_BEFORE_OPENING_BRAC,6
ecl_threads,ONE_COMMAND_PER_LINE,3
ecl_threads,CLOSE_CURLY_BRACE,16
ecl_threads,LICENSE_STATEMENT,26
ecl_threads,END_OF_NAMESPACE_COMMENT,2
ecl_threads,WHITESPACE_AFTER_PARENTHESIS,38
ecl_threads,WHITESPACE_BEFORE_PARENTHESIS,44
ecl_threads,WHITESPACE_BEFORE_COMMENTS,65
ecl_threads,WHITESPACE_BEFORE_COMMENT_TEXT,8
ecl_threads,INCLUDE_ORDER,47
ecl_threads,INCLUDE_WHAT_YOU_USE,3
ecl_threads,C_SYSTEM_HEADERS,5
ecl_threads,C_STANDARD_LIBRARY,2
ecl_threads,EMPTY_STATEMENT,6
ecl_threads,POINTLESS_EMPTY_STATEMENT,14
ecl_threads,INCLUDE_TWICE,8
ecl_threads,C_TYPES,31
ecl_threads,NAMESPACE_USING_DIRECTIVES,1
ecl_threads,NON_CONST_REFERENCE_PARAMETERS,6
ecl_threads,DEPRECATED_CASTING,2
ecl_threads,UNUSED_VARIABLES,1
ecl_threads,CASE_FALL_THROUGH,43
ecl_threads,DEFAULT_ARGUMENTS,5
ecl_threads,INTEGER_TYPES,92
ecl_threads,ORDER_OF_EVALUATION,12
ecl_threads,EXPLICIT_CONSTRUCTORS,6
turtlebot_arm_kinect_calibration,MIN_COM_RATIO,1
turtlebot_arm_kinect_calibration,MAX_COM_RATIO,2
turtlebot_arm_kinect_calibration,MAX_COM_RATIO,2
turtlebot_arm_kinect_calibration,MAX_COUPLING,3
turtlebot_arm_kinect_calibration,MAX_LINE_LENGTH,70
turtlebot_arm_kinect_calibration,OPEN_CURLY_BRACE,36
turtlebot_arm_kinect_calibration,INDENT_ACCESS_MODIFIERS,3
turtlebot_arm_kinect_calibration,BLANK_LINES_IN_CODE_BLOCKS,1
turtlebot_arm_kinect_calibration,WHITESPACE_AT_END_OF_LINE,3
turtlebot_arm_kinect_calibration,WHITESPACE_BEFORE_COMMENTS,1
turtlebot_arm_kinect_calibration,WHITESPACE_BEFORE_COMMENT_TEXT,1
turtlebot_arm_kinect_calibration,HEADER_GUARD_FORMAT,1
turtlebot_arm_kinect_calibration,HEADER_GUARD_FORMAT,1
turtlebot_arm_kinect_calibration,HEADER_GUARD_CLOSE,1
turtlebot_arm_kinect_calibration,INCLUDE_ORDER,6
turtlebot_arm_kinect_calibration,INCLUDE_WHAT_YOU_USE,2
turtlebot_arm_kinect_calibration,INCLUDE_TWICE,1
turtlebot_arm_kinect_calibration,NAMESPACE_USING_DIRECTIVES,3
turtlebot_arm_kinect_calibration,NON_CONST_REFERENCE_PARAMETERS,16
turtlebot_arm_kinect_calibration,DEPRECATED_CASTING,2
turtlebot_arm_kinect_calibration,UNUSED_VARIABLES,2
turtlebot_arm_kinect_calibration,CASE_FALL_THROUGH,2
turtlebot_arm_kinect_calibration,INTEGER_TYPES,14
turtlebot_bringup,MIN_COM_RATIO,1
ecl_utilities,MAX_COM_RATIO,13
ecl_utilities,MAX_COM_RATIO,12
ecl_utilities,MAX_COUPLING,3
ecl_utilities,MAX_LINE_LENGTH,81
ecl_utilities,SPACES_OVER_TABS,255
ecl_utilities,OPEN_CURLY_BRACE,43
ecl_utilities,OPEN_CURLY_BRACE,118
ecl_utilities,INDENT_ACCESS_MODIFIERS,70
ecl_utilities,BLANK_LINES_IN_CODE_BLOCKS,14
ecl_utilities,WHITESPACE_AFTER_COMMA,112
ecl_utilities,WHITESPACE_BEFORE_OPENING_BRAC,4
ecl_utilities,BLANK_LINE_BEFORE_SECTION,7
ecl_utilities,ELSE_STATEMENT_ON_ITS_LINE,1
ecl_utilities,ONE_COMMAND_PER_LINE,4
ecl_utilities,NAMESPACE_INDENTATION,1
ecl_utilities,CLOSE_CURLY_BRACE,10
ecl_utilities,LICENSE_STATEMENT,14
ecl_utilities,END_OF_NAMESPACE_COMMENT,13
ecl_utilities,WHITESPACE_AFTER_PARENTHESIS,11
ecl_utilities,WHITESPACE_BEFORE_PARENTHESIS,11
ecl_utilities,WHITESPACE_BEFORE_COMMENTS,15
ecl_utilities,WHITESPACE_BEFORE_COMMENT_TEXT,6
ecl_utilities,EMPTY_STATEMENT,17
ecl_utilities,POINTLESS_EMPTY_STATEMENT,35
ecl_utilities,NAMESPACE_USING_DIRECTIVES,3
ecl_utilities,NON_CONST_REFERENCE_PARAMETERS,19
ecl_utilities,INITIALIZE_MEMBER_VARIABLES,1
ecl_utilities,INTEGER_TYPES,41
ecl_utilities,OVERLOAD_SPECIAL_OPERATORS,2
ecl_utilities,EXPLICIT_CONSTRUCTORS,15
pano_py,MIN_COM_RATIO,16
pano_py,MAX_COM_RATIO,1
pano_py,MAX_COM_RATIO,1
pano_py,MAX_CC,2
pano_py,MAX_CC,1
pano_py,MAX_FUNCTION_PARAMETERS,1
pano_py,MAX_LINE_LENGTH,19
pano_py,SPACES_OVER_TABS,35
pano_py,OPEN_CURLY_BRACE,52
pano_py,OPEN_CURLY_BRACE,43
pano_py,INDENT_ACCESS_MODIFIERS,5
pano_py,BLANK_LINES_IN_CODE_BLOCKS,13
pano_py,WHITESPACE_AROUND_ASSIGNMENT,2
pano_py,WHITESPACE_BEFORE_PARENTHESIS,18
pano_py,WHITESPACE_AFTER_COMMA,48
pano_py,WHITESPACE_BEFORE_OPENING_BRAC,35
pano_py,WHITESPACE_AFTER_CLOSING_BRACE,1
pano_py,ELSE_STATEMENT_ON_ITS_LINE,2
pano_py,ELSE_BRACES,1
pano_py,WHITESPACE_AT_END_OF_LINE,3
pano_py,SPACE_INDENTATION,1
pano_py,CLOSE_CURLY_BRACE,3
pano_py,LICENSE_STATEMENT,13
pano_py,END_OF_NAMESPACE_COMMENT,13
pano_py,WHITESPACE_BEFORE_PARENTHESIS,2
pano_py,WHITESPACE_BEFORE_COMMENTS,8
pano_py,WHITESPACE_BEFORE_COMMENT_TEXT,14
pano_py,INCLUDE_DIRECTORY_IN_HEADER,2
pano_py,HEADER_GUARD_FORMAT,3
pano_py,HEADER_GUARD_FORMAT,3
pano_py,HEADER_GUARD_CLOSE,3
pano_py,INCLUDE_ORDER,25
pano_py,INCLUDE_WHAT_YOU_USE,5
pano_py,EMPTY_STATEMENT,7
pano_py,NAMESPACE_USING_DIRECTIVES,19
pano_py,NON_CONST_REFERENCE_PARAMETERS,14
pano_py,DEPRECATED_CASTING,14
pano_py,DANGEROUS_ADDRESSES,1
pano_py,UNUSED_VARIABLES,3
pano_py,INTEGER_TYPES,32
pano_py,ORDER_OF_EVALUATION,1
pano_py,EXPLICIT_CONSTRUCTORS,1
ecl_mpl,MAX_COM_RATIO,6
ecl_mpl,MAX_COM_RATIO,6
ecl_mpl,MAX_LINE_LENGTH,15
ecl_mpl,SPACES_OVER_TABS,13
ecl_mpl,OPEN_CURLY_BRACE,1
ecl_mpl,OPEN_CURLY_BRACE,16
ecl_mpl,INDENT_ACCESS_MODIFIERS,4
ecl_mpl,BLANK_LINES_IN_CODE_BLOCKS,1
ecl_mpl,WHITESPACE_AFTER_COMMA,3
ecl_mpl,ONE_COMMAND_PER_LINE,10
ecl_mpl,LICENSE_STATEMENT,7
ecl_mpl,WHITESPACE_BEFORE_COMMENTS,8
ecl_mpl,WHITESPACE_BEFORE_COMMENT_TEXT,1
ecl_mpl,INCLUDE_ORDER,3
ecl_mpl,POINTLESS_EMPTY_STATEMENT,1
ecl_mpl,C_TYPES,6
ecl_mpl,NAMESPACE_USING_DIRECTIVES,1
ecl_mpl,INTEGER_TYPES,1
yocs_localization_manager,MIN_COM_RATIO,3
yocs_localization_manager,MAX_COM_RATIO,3
yocs_localization_manager,MAX_COM_RATIO,1
yocs_virtual_sensor,MIN_COM_RATIO,4
yocs_virtual_sensor,MAX_CC,2
yocs_virtual_sensor,MAX_COUPLING,1
yocs_virtual_sensor,MAX_LINE_LENGTH,26
yocs_virtual_sensor,OPEN_CURLY_BRACE,36
yocs_virtual_sensor,INDENT_ACCESS_MODIFIERS,8
yocs_virtual_sensor,BLANK_LINES_IN_CODE_BLOCKS,1
yocs_virtual_sensor,ELSE_STATEMENT_ON_ITS_LINE,1
yocs_virtual_sensor,LICENSE_STATEMENT,2
yocs_virtual_sensor,WHITESPACE_AFTER_PARENTHESIS,1
yocs_virtual_sensor,WHITESPACE_BEFORE_COMMENTS,1
yocs_virtual_sensor,INCLUDE_ORDER,2
yocs_virtual_sensor,INCLUDE_WHAT_YOU_USE,6
yocs_virtual_sensor,NON_CONST_REFERENCE_PARAMETERS,5
yocs_virtual_sensor,DEPRECATED_CASTING,1
yocs_virtual_sensor,INTEGER_TYPES,7
yocs_waypoints_navi,MIN_COM_RATIO,2
yocs_waypoints_navi,MAX_CC,2
yocs_waypoints_navi,MAX_CC,1
yocs_waypoints_navi,MAX_COUPLING,1
yocs_waypoints_navi,MAX_LINE_LENGTH,44
yocs_waypoints_navi,OPEN_CURLY_BRACE,67
yocs_waypoints_navi,INDENT_ACCESS_MODIFIERS,2
yocs_waypoints_navi,WHITESPACE_BEFORE_PARENTHESIS,1
yocs_waypoints_navi,ELSE_STATEMENT_ON_ITS_LINE,22
yocs_waypoints_navi,CLOSE_CURLY_BRACE,2
yocs_waypoints_navi,LICENSE_STATEMENT,3
yocs_waypoints_navi,WHITESPACE_BEFORE_COMMENTS,7
yocs_waypoints_navi,TODO_COMMENT_FORMAT,3
yocs_waypoints_navi,INCLUDE_ORDER,3
yocs_waypoints_navi,INCLUDE_WHAT_YOU_USE,3
yocs_waypoints_navi,UNUSED_VARIABLES,1
yocs_waypoints_navi,INTEGER_TYPES,4
kobuki_random_walker,MAX_COM_RATIO,1
kobuki_random_walker,MAX_COM_RATIO,1
kobuki_random_walker,MAX_CC,3
kobuki_random_walker,MAX_CC,3
kobuki_random_walker,MAX_COUPLING,1
kobuki_random_walker,MAX_LINE_LENGTH,50
kobuki_random_walker,OPEN_CURLY_BRACE,60
kobuki_random_walker,INDENT_ACCESS_MODIFIERS,4
kobuki_random_walker,ELSE_STATEMENT_ON_ITS_LINE,12
kobuki_random_walker,LICENSE_STATEMENT,2
kobuki_random_walker,WHITESPACE_BEFORE_COMMENTS,9
kobuki_random_walker,INCLUDE_ORDER,11
kobuki_random_walker,INCLUDE_WHAT_YOU_USE,1
kobuki_random_walker,POINTLESS_EMPTY_STATEMENT,2
kobuki_random_walker,DEPRECATED_CASTING,2
kobuki_random_walker,INITIALIZE_MEMBER_VARIABLES,1
kobuki_random_walker,UNUSED_VARIABLES,1
kobuki_random_walker,INTEGER_TYPES,1
ecl_concepts,MAX_COM_RATIO,7
ecl_concepts,MAX_COM_RATIO,7
ecl_concepts,MAX_COUPLING,1
ecl_concepts,MAX_LINE_LENGTH,12
ecl_concepts,SPACES_OVER_TABS,228
ecl_concepts,OPEN_CURLY_BRACE,15
ecl_concepts,OPEN_CURLY_BRACE,43
ecl_concepts,INDENT_ACCESS_MODIFIERS,39
ecl_concepts,BLANK_LINES_IN_CODE_BLOCKS,8
ecl_concepts,WHITESPACE_AROUND_ASSIGNMENT,2
ecl_concepts,WHITESPACE_AFTER_COMMA,23
ecl_concepts,WHITESPACE_BEFORE_OPENING_BRAC,10
ecl_concepts,BLANK_LINE_BEFORE_SECTION,2
ecl_concepts,NAMESPACE_INDENTATION,1
ecl_concepts,LICENSE_STATEMENT,8
ecl_concepts,WHITESPACE_AFTER_PARENTHESIS,3
ecl_concepts,WHITESPACE_BEFORE_PARENTHESIS,3
ecl_concepts,WHITESPACE_BEFORE_COMMENTS,24
ecl_concepts,INCLUDE_ORDER,2
ecl_concepts,POINTLESS_EMPTY_STATEMENT,1
ecl_concepts,C_TYPES,8
ecl_concepts,NAMESPACE_USING_DIRECTIVES,1
ecl_concepts,DEPRECATED_CASTING,1
ecl_concepts,REDUNDANT_EXPRESSIONS,1
ecl_concepts,INTEGER_TYPES,8
turtlebot_calibration,MIN_COM_RATIO,1
turtlebot_calibration,MAX_COM_RATIO,1
kobuki_testsuite,MIN_COM_RATIO,7
kobuki_testsuite,MAX_COM_RATIO,18
kobuki_testsuite,MAX_COM_RATIO,15
kobuki_dock_drive,MAX_COM_RATIO,5
kobuki_dock_drive,MAX_COM_RATIO,5
kobuki_dock_drive,MAX_CC,1
kobuki_dock_drive,MAX_LINE_LENGTH,44
kobuki_dock_drive,OPEN_CURLY_BRACE,22
kobuki_dock_drive,OPEN_CURLY_BRACE,44
kobuki_dock_drive,INDENT_ACCESS_MODIFIERS,3
kobuki_dock_drive,BLANK_LINES_IN_CODE_BLOCKS,5
kobuki_dock_drive,WHITESPACE_AROUND_ASSIGNMENT,9
kobuki_dock_drive,WHITESPACE_AROUND_BINARY_OPERA,4
kobuki_dock_drive,WHITESPACE_BEFORE_PARENTHESIS,30
kobuki_dock_drive,WHITESPACE_INSIDE_PARENTHESIS,2
kobuki_dock_drive,WHITESPACE_AFTER_COMMA,16
kobuki_dock_drive,WHITESPACE_AFTER_SEMICOLON,2
kobuki_dock_drive,WHITESPACE_BEFORE_OPENING_BRAC,3
kobuki_dock_drive,ELSE_STATEMENT_ON_ITS_LINE,24
kobuki_dock_drive,ELSE_BRACES,20
kobuki_dock_drive,SINGLE_LINE_ELSE_IF_ELSE,10
kobuki_dock_drive,SINGLE_STATEMENT_IF_ELSE,10
kobuki_dock_drive,WHITESPACE_AT_END_OF_LINE,23
kobuki_dock_drive,ONE_COMMAND_PER_LINE,13
kobuki_dock_drive,NAMESPACE_INDENTATION,2
kobuki_dock_drive,END_OF_NAMESPACE_COMMENT,4
kobuki_dock_drive,WHITESPACE_AFTER_PARENTHESIS,3
kobuki_dock_drive,WHITESPACE_BEFORE_PARENTHESIS,2
kobuki_dock_drive,WHITESPACE_BEFORE_COMMENTS,14
kobuki_dock_drive,WHITESPACE_BEFORE_COMMENT_TEXT,13
kobuki_dock_drive,INCLUDE_ORDER,4
kobuki_dock_drive,INCLUDE_WHAT_YOU_USE,8
kobuki_dock_drive,NON_CONST_REFERENCE_PARAMETERS,24
kobuki_dock_drive,UNUSED_VARIABLES,3
kobuki_dock_drive,REDUNDANT_EXPRESSIONS,6
kobuki_dock_drive,INTEGER_TYPES,7
ecl_converters,MAX_COM_RATIO,8
ecl_converters,MAX_COM_RATIO,7
ecl_converters,MAX_LINE_LENGTH,112
ecl_converters,SPACES_OVER_TABS,263
ecl_converters,OPEN_CURLY_BRACE,66
ecl_converters,OPEN_CURLY_BRACE,89
ecl_converters,INDENT_ACCESS_MODIFIERS,41
ecl_converters,BLANK_LINES_IN_CODE_BLOCKS,3
ecl_converters,WHITESPACE_BEFORE_PARENTHESIS,5
ecl_converters,WHITESPACE_INSIDE_PARENTHESIS,2
ecl_converters,WHITESPACE_AFTER_COMMA,149
ecl_converters,WHITESPACE_BEFORE_OPENING_BRAC,3
ecl_converters,BLANK_LINE_BEFORE_SECTION,3
ecl_converters,ELSE_STATEMENT_ON_ITS_LINE,10
ecl_converters,CLOSE_CURLY_BRACE,11
ecl_converters,LICENSE_STATEMENT,11
ecl_converters,END_OF_NAMESPACE_COMMENT,4
ecl_converters,WHITESPACE_AFTER_PARENTHESIS,3
ecl_converters,WHITESPACE_BEFORE_PARENTHESIS,12
ecl_converters,WHITESPACE_BEFORE_COMMENTS,17
ecl_converters,WHITESPACE_BEFORE_COMMENT_TEXT,16
ecl_converters,INCLUDE_ORDER,30
ecl_converters,INCLUDE_WHAT_YOU_USE,4
ecl_converters,EMPTY_STATEMENT,1
ecl_converters,POINTLESS_EMPTY_STATEMENT,2
ecl_converters,INCLUDE_TWICE,1
ecl_converters,C_TYPES,56
ecl_converters,STRING_PRINT_C_FUNCTIONS,1
ecl_converters,NON_CONST_REFERENCE_PARAMETERS,3
ecl_converters,DEPRECATED_CASTING,2
ecl_converters,SMALLEST_SCOPE,1
ecl_converters,INTEGER_TYPES,52
ecl_converters,EXPLICIT_CONSTRUCTORS,14
kobuki_keyop,MAX_COM_RATIO,2
kobuki_keyop,MAX_COM_RATIO,2
kobuki_keyop,MAX_COUPLING,1
kobuki_keyop,MAX_LINE_LENGTH,15
kobuki_keyop,OPEN_CURLY_BRACE,55
kobuki_keyop,INDENT_ACCESS_MODIFIERS,2
kobuki_keyop,ELSE_STATEMENT_ON_ITS_LINE,12
kobuki_keyop,WHITESPACE_BEFORE_COMMENTS,6
kobuki_keyop,INCLUDE_ORDER,4
kobuki_keyop,INCLUDE_WHAT_YOU_USE,1
kobuki_keyop,INTEGER_TYPES,3
ecl_statistics,MAX_COM_RATIO,2
ecl_statistics,MAX_COM_RATIO,2
ecl_statistics,MAX_LINE_LENGTH,38
ecl_statistics,SPACES_OVER_TABS,190
ecl_statistics,OPEN_CURLY_BRACE,34
ecl_statistics,INDENT_ACCESS_MODIFIERS,9
ecl_statistics,BLANK_LINES_IN_CODE_BLOCKS,8
ecl_statistics,WHITESPACE_BEFORE_PARENTHESIS,4
ecl_statistics,WHITESPACE_AFTER_COMMA,78
ecl_statistics,ELSE_STATEMENT_ON_ITS_LINE,2
ecl_statistics,ELSE_BRACES,2
ecl_statistics,ONE_COMMAND_PER_LINE,16
ecl_statistics,CLOSE_CURLY_BRACE,6
ecl_statistics,LICENSE_STATEMENT,4
ecl_statistics,WHITESPACE_AFTER_PARENTHESIS,4
ecl_statistics,WHITESPACE_BEFORE_PARENTHESIS,4
ecl_statistics,WHITESPACE_BEFORE_COMMENTS,5
ecl_statistics,WHITESPACE_BEFORE_COMMENT_TEXT,19
ecl_statistics,INCLUDE_ORDER,4
ecl_statistics,POINTLESS_EMPTY_STATEMENT,6
ecl_statistics,DEFAULT_ARGUMENTS,2
ecl_statistics,INTEGER_TYPES,2
ecl_statistics,EXPLICIT_CONSTRUCTORS,4
kobuki_controller_tutorial,MAX_COM_RATIO,2
kobuki_controller_tutorial,MAX_COM_RATIO,2
kobuki_controller_tutorial,MAX_COUPLING,1
kobuki_controller_tutorial,MAX_LINE_LENGTH,6
kobuki_controller_tutorial,OPEN_CURLY_BRACE,18
kobuki_controller_tutorial,INDENT_ACCESS_MODIFIERS,4
kobuki_controller_tutorial,WHITESPACE_BEFORE_OPENING_BRAC,1
kobuki_controller_tutorial,ELSE_STATEMENT_ON_ITS_LINE,4
kobuki_controller_tutorial,WHITESPACE_BEFORE_COMMENTS,4
kobuki_controller_tutorial,INCLUDE_ORDER,1
kobuki_controller_tutorial,INCLUDE_WHAT_YOU_USE,2
kobuki_controller_tutorial,POINTLESS_EMPTY_STATEMENT,3
kobuki_controller_tutorial,UNUSED_VARIABLES,1
kobuki_controller_tutorial,INTEGER_TYPES,1
yocs_ar_pair_tracking,MIN_COM_RATIO,3
yocs_ar_pair_tracking,MAX_COM_RATIO,2
yocs_ar_pair_tracking,MAX_COM_RATIO,2
yocs_ar_pair_tracking,MAX_COUPLING,2
yocs_ar_pair_tracking,MAX_LINE_LENGTH,52
yocs_ar_pair_tracking,OPEN_CURLY_BRACE,29
yocs_ar_pair_tracking,OPEN_CURLY_BRACE,10
yocs_ar_pair_tracking,INDENT_ACCESS_MODIFIERS,6
yocs_ar_pair_tracking,BLANK_LINES_IN_CODE_BLOCKS,2
yocs_ar_pair_tracking,WHITESPACE_AROUND_ASSIGNMENT,1
yocs_ar_pair_tracking,WHITESPACE_BEFORE_PARENTHESIS,8
yocs_ar_pair_tracking,WHITESPACE_AFTER_COMMA,6
yocs_ar_pair_tracking,BLANK_LINE_BEFORE_SECTION,2
yocs_ar_pair_tracking,WHITESPACE_AT_END_OF_LINE,22
yocs_ar_pair_tracking,CLOSE_CURLY_BRACE,3
yocs_ar_pair_tracking,LICENSE_STATEMENT,5
yocs_ar_pair_tracking,END_OF_NAMESPACE_COMMENT,4
yocs_ar_pair_tracking,WHITESPACE_BEFORE_COMMENTS,1
yocs_ar_pair_tracking,TODO_COMMENT_FORMAT,3
yocs_ar_pair_tracking,INCLUDE_ORDER,4
yocs_ar_pair_tracking,INCLUDE_WHAT_YOU_USE,6
yocs_ar_pair_tracking,STRING_PRINT_C_FUNCTIONS,4
yocs_ar_pair_tracking,NON_CONST_REFERENCE_PARAMETERS,2
yocs_ar_pair_tracking,UNUSED_VARIABLES,1
yocs_ar_pair_tracking,SMALLEST_SCOPE,1
yocs_ar_pair_tracking,INTEGER_TYPES,9
yocs_velocity_smoother,MIN_COM_RATIO,2
yocs_velocity_smoother,MAX_COM_RATIO,1
yocs_velocity_smoother,MAX_CC,1
yocs_velocity_smoother,MAX_CC,1
yocs_velocity_smoother,MAX_LINE_LENGTH,53
yocs_velocity_smoother,OPEN_CURLY_BRACE,35
yocs_velocity_smoother,OPEN_CURLY_BRACE,4
yocs_velocity_smoother,INDENT_ACCESS_MODIFIERS,4
yocs_velocity_smoother,WHITESPACE_AROUND_UNARY_OPERAT,1
yocs_velocity_smoother,ELSE_STATEMENT_ON_ITS_LINE,7
yocs_velocity_smoother,SPACE_INDENTATION,1
yocs_velocity_smoother,ONE_COMMAND_PER_LINE,2
yocs_velocity_smoother,CLOSE_CURLY_BRACE,1
yocs_velocity_smoother,LICENSE_STATEMENT,2
yocs_velocity_smoother,END_OF_NAMESPACE_COMMENT,1
yocs_velocity_smoother,WHITESPACE_AFTER_PARENTHESIS,1
yocs_velocity_smoother,WHITESPACE_BEFORE_COMMENTS,5
yocs_velocity_smoother,TODO_COMMENT_FORMAT,1
yocs_velocity_smoother,INCLUDE_ORDER,2
yocs_velocity_smoother,INCLUDE_WHAT_YOU_USE,4
yocs_velocity_smoother,POINTLESS_EMPTY_STATEMENT,4
yocs_velocity_smoother,NON_CONST_REFERENCE_PARAMETERS,2
yocs_velocity_smoother,DEPRECATED_CASTING,2
yocs_velocity_smoother,UNUSED_VARIABLES,1
yocs_velocity_smoother,INTEGER_TYPES,2
yocs_velocity_smoother,FLOAT_ACCURACY,1
yocs_velocity_smoother,EXPLICIT_CONSTRUCTORS,1
